time,equity,exposure_pct
2013-12-24,20000.0,0.0
2013-12-25,20000.0,0.0
2013-12-26,20000.0,0.0
2013-12-27,20000.0,0.0
2013-12-29,20000.0,0.0
2013-12-30,20000.0,0.0
2013-12-31,20000.0,0.0
2014-01-01,20000.0,0.0
2014-01-02,20000.0,0.0
2014-01-03,20000.0,0.0
2014-01-05,20000.0,0.0
2014-01-06,20000.0,0.0
2014-01-07,20000.0,0.0
2014-01-08,20000.0,0.0
2014-01-09,20000.0,0.0
2014-01-10,20000.0,0.0
2014-01-12,20000.0,0.0
2014-01-13,20000.0,0.0
2014-01-14,20000.0,0.0
2014-01-15,20000.0,0.0
2014-01-16,20000.0,0.0
2014-01-17,20000.0,0.0
2014-01-19,20000.0,0.0
2014-01-20,20000.0,0.0
2014-01-21,20000.0,0.0
2014-01-22,20000.0,0.0
2014-01-23,20000.0,0.0
2014-01-24,20000.0,0.0
2014-01-26,20000.0,0.0
2014-01-27,20000.0,0.0
2014-01-28,20000.0,0.0
2014-01-29,20000.0,0.0
2014-01-30,20000.0,0.0
2014-01-31,20000.0,0.0
2014-02-02,20000.0,0.0
2014-02-03,20000.0,0.0
2014-02-04,20000.0,0.0
2014-02-05,20000.0,0.0
2014-02-06,20000.0,0.0
2014-02-07,20000.0,0.0
2014-02-09,20000.0,0.0
2014-02-10,20000.0,0.0
2014-02-11,20000.0,0.0
2014-02-12,20000.0,0.0
2014-02-13,20000.0,0.0
2014-02-14,20000.0,0.0
2014-02-16,20000.0,0.0
2014-02-17,20000.0,0.0
2014-02-18,20000.0,0.0
2014-02-19,20000.0,0.0
2014-02-20,20000.0,0.0
2014-02-21,20000.0,0.0
2014-02-23,20000.0,0.0
2014-02-24,20000.0,0.0
2014-02-25,20000.0,0.0
2014-02-26,20000.0,0.0
2014-02-27,20000.0,0.0
2014-02-28,20000.0,0.0
2014-03-02,20000.0,0.0
2014-03-03,20000.0,0.0
2014-03-04,20000.0,0.0
2014-03-05,20000.0,0.0
2014-03-06,20000.0,0.0
2014-03-07,20000.0,0.0
2014-03-09,20000.0,0.0
2014-03-10,20000.0,0.0
2014-03-11,20000.0,0.0
2014-03-12,20000.0,0.0
2014-03-13,20000.0,0.0
2014-03-14,20000.0,0.0
2014-03-16,20000.0,0.0
2014-03-17,20000.0,0.0
2014-03-18,20000.0,0.0
2014-03-19,20000.0,0.0
2014-03-20,20000.0,0.0
2014-03-21,20000.0,0.0
2014-03-23,20000.0,0.0
2014-03-24,20000.0,0.0
2014-03-25,20000.0,0.0
2014-03-26,20000.0,0.0
2014-03-27,20000.0,0.0
2014-03-28,20000.0,0.0
2014-03-30,20000.0,0.0
2014-03-31,20000.0,0.0
2014-04-01,20000.0,0.0
2014-04-02,20000.0,0.0
2014-04-03,20000.0,0.0
2014-04-04,20000.0,0.0
2014-04-06,20000.0,0.0
2014-04-07,20000.0,0.0
2014-04-08,20000.0,0.0
2014-04-09,20000.0,0.0
2014-04-10,20000.0,0.0
2014-04-11,20000.0,0.0
2014-04-13,20000.0,0.0
2014-04-14,20000.0,0.0
2014-04-15,20000.0,0.0
2014-04-16,20000.0,0.0
2014-04-17,20000.0,0.0
2014-04-18,20000.0,0.0
2014-04-20,20000.0,0.0
2014-04-21,20000.0,0.0
2014-04-22,20000.0,0.0
2014-04-23,20000.0,0.0
2014-04-24,20000.0,0.0
2014-04-25,20000.0,0.0
2014-04-27,20000.0,0.0
2014-04-28,20000.0,0.0
2014-04-29,20000.0,0.0
2014-04-30,20000.0,0.0
2014-05-01,20000.0,0.0
2014-05-02,20000.0,0.0
2014-05-04,20000.0,0.0
2014-05-05,20000.0,0.0
2014-05-06,20000.0,0.0
2014-05-07,20000.0,0.0
2014-05-08,20000.0,0.0
2014-05-09,20000.0,0.0
2014-05-11,20000.0,0.0
2014-05-12,20000.0,0.0
2014-05-13,20000.0,0.0
2014-05-14,20000.0,0.0
2014-05-15,20000.0,0.0
2014-05-16,20000.0,0.0
2014-05-18,20000.0,0.0
2014-05-19,20000.0,0.0
2014-05-20,20000.0,0.0
2014-05-21,20000.0,0.0
2014-05-22,20000.0,0.0
2014-05-23,20000.0,0.0
2014-05-25,20000.0,0.0
2014-05-26,20000.0,0.0
2014-05-27,20000.0,0.0
2014-05-28,20000.0,0.0
2014-05-29,20000.0,0.0
2014-05-30,20000.0,0.0
2014-06-01,20000.0,0.0
2014-06-02,20000.0,0.0
2014-06-03,20000.0,0.0
2014-06-04,20000.0,0.0
2014-06-05,20000.0,0.0
2014-06-06,20000.0,0.0
2014-06-08,20000.0,0.0
2014-06-09,20000.0,0.0
2014-06-10,20000.0,0.0
2014-06-11,20000.0,0.0
2014-06-12,20000.0,0.0
2014-06-13,20000.0,0.0
2014-06-15,20000.0,0.0
2014-06-16,20000.0,0.0
2014-06-17,20000.0,0.0
2014-06-18,20000.0,0.0
2014-06-19,20000.0,0.0
2014-06-20,20000.0,0.0
2014-06-22,20000.0,0.0
2014-06-23,20000.0,0.0
2014-06-24,20000.0,0.0
2014-06-25,20000.0,0.0
2014-06-26,20000.0,0.0
2014-06-27,20000.0,0.0
2014-06-29,20000.0,0.0
2014-06-30,19999.45,0.13271629939646679
2014-07-01,19998.510000000002,0.13263476257962437
2014-07-02,19998.88,0.13266685868817307
2014-07-03,19991.64,0.13203838408909846
2014-07-04,19992.67,0.13212784971384023
2014-07-06,19990.38,0.13192891561682338
2014-07-07,19991.980000000003,0.13206791847061342
2014-07-08,19991.34,0.13201232267143345
2014-07-09,19999.92,0.13275706205649646
2014-07-10,20006.68968748323,0.2669174405738736
2014-07-11,20011.529687483235,0.26727184391665737
2014-07-13,20013.269687483233,0.26739916965853555
2014-07-14,19954.65583328862,0.0
2014-07-15,19954.65583328862,0.0
2014-07-16,19954.65583328862,0.0
2014-07-17,19954.65583328862,0.0
2014-07-18,19954.65583328862,0.0
2014-07-20,19954.65583328862,0.0
2014-07-21,19954.65583328862,0.0
2014-07-22,19954.65583328862,0.0
2014-07-23,19954.65583328862,0.0
2014-07-24,19954.65583328862,0.0
2014-07-25,19954.65583328862,0.0
2014-07-27,19954.65583328862,0.0
2014-07-28,19954.65583328862,0.0
2014-07-29,19954.65583328862,0.0
2014-07-30,19954.65583328862,0.0
2014-07-31,19954.65583328862,0.0
2014-08-01,19954.65583328862,0.0
2014-08-03,19954.65583328862,0.0
2014-08-04,19954.65583328862,0.0
2014-08-05,19954.65583328862,0.0
2014-08-06,19954.65583328862,0.0
2014-08-07,19954.65583328862,0.0
2014-08-08,19954.65583328862,0.0
2014-08-10,19954.65583328862,0.0
2014-08-11,19954.65583328862,0.0
2014-08-12,19954.65583328862,0.0
2014-08-13,19954.65583328862,0.0
2014-08-14,19954.65583328862,0.0
2014-08-15,19954.65583328862,0.0
2014-08-17,19954.65583328862,0.0
2014-08-18,19954.65583328862,0.0
2014-08-19,19954.65583328862,0.0
2014-08-20,19954.65583328862,0.0
2014-08-21,19954.10583328862,0.12823452165148272
2014-08-22,19949.72583328862,0.12873118530710828
2014-08-24,19954.44583328862,0.1281959861324005
2014-08-25,19953.98583328862,0.12824812305145109
2014-08-26,19949.73583328862,0.12873005087378842
2014-08-27,19948.19583328862,0.12890478047375561
2014-08-28,19941.23583328862,0.12969514269872034
2014-08-29,19943.76583328862,0.1294077134934328
2014-08-31,19944.635833288623,0.12930890799394432
2014-09-01,19943.705833288623,0.129414528303117
2014-09-02,19968.49974397885,0.2537392852447834
2014-09-03,19959.77974397885,0.25483696078062484
2014-09-04,19975.05974397885,0.2529147759263134
2014-09-05,19951.667421034614,0.38231382129573344
2014-09-07,19951.277421034614,0.38236799548538725
2014-09-08,19990.697421034616,0.376913626877716
2014-09-09,19985.09567977803,0.5028334390594056
2014-09-10,20008.05567977803,0.49938571086275657
2014-09-11,20043.57567977803,0.4940829997419476
2014-09-12,20088.295679778028,0.4874599393292368
2014-09-14,20097.73567977803,0.48606936799002176
2014-09-15,20073.815679778032,0.48959799908793605
2014-09-16,20064.175679778033,0.49102481487177224
2014-09-17,20112.855679778033,0.4838475060792521
2014-09-18,20105.93567977803,0.4848635648656359
2014-09-19,20144.535679778033,0.4792136528920336
2014-09-21,20146.41567977803,0.47893957367478074
2014-09-22,20146.535679778033,0.478922082705011
2014-09-23,20113.495679778032,0.4837536055690863
2014-09-24,20138.77567977803,0.48005401773585316
2014-09-25,20120.495679778032,0.482727344053088
2014-09-26,20133.65567977803,0.48080181071503736
2014-09-28,20138.21567977803,0.48013577080524056
2014-09-29,20143.495679778032,0.47936531482866507
2014-09-30,20174.21567977803,0.4748985230973021
2014-10-01,20151.25567977803,0.47823443258067494
2014-10-02,20148.69567977803,0.47860731598035616
2014-10-03,20243.175679778033,0.46496908272329945
2014-10-05,20262.97567977803,0.46214276911378027
2014-10-06,20177.855679778033,0.4743710415930456
2014-10-07,20170.93567977803,0.4753741594898689
2014-10-08,20122.69567977803,0.48240509785898045
2014-10-09,20109.45567977803,0.0
2014-10-10,20109.45567977803,0.0
2014-10-12,20109.45567977803,0.0
2014-10-13,20109.45567977803,0.0
2014-10-14,20109.45567977803,0.0
2014-10-15,20109.45567977803,0.0
2014-10-16,20109.45567977803,0.0
2014-10-17,20109.45567977803,0.0
2014-10-19,20109.45567977803,0.0
2014-10-20,20109.45567977803,0.0
2014-10-21,20109.45567977803,0.0
2014-10-22,20109.45567977803,0.0
2014-10-23,20109.45567977803,0.0
2014-10-24,20109.45567977803,0.0
2014-10-26,20109.45567977803,0.0
2014-10-27,20109.45567977803,0.0
2014-10-28,20109.45567977803,0.0
2014-10-29,20108.90567977803,0.1198685632633786
2014-10-30,20122.39567977803,0.1183761273424431
2014-10-31,20148.19567977803,0.11553285303083996
2014-11-02,20154.45567977803,0.11484515140702177
2014-11-03,20155.30567977803,0.11475183876744431
2014-11-04,20152.46567977803,0.11506367387449674
2014-11-05,20180.61567977803,0.11198045735725642
2014-11-06,20179.16567977803,0.11213885655360424
2014-11-07,20142.82567977803,0.1161234588057887
2014-11-09,20150.19567977803,0.11531304783925074
2014-11-10,20169.48567977803,0.11319746506837369
2014-11-11,20156.82567977803,0.11458501274833677
2014-11-12,20158.36567977803,0.11441604256418113
2014-11-13,20158.46567977803,0.11440507224565379
2014-11-14,20132.065679778032,0.0
2014-11-16,20132.065679778032,0.0
2014-11-17,20132.065679778032,0.0
2014-11-18,20132.065679778032,0.0
2014-11-19,20132.065679778032,0.0
2014-11-20,20132.065679778032,0.0
2014-11-21,20132.065679778032,0.0
2014-11-23,20132.065679778032,0.0
2014-11-24,20132.065679778032,0.0
2014-11-25,20132.065679778032,0.0
2014-11-26,20132.065679778032,0.0
2014-11-27,20132.065679778032,0.0
2014-11-28,20132.065679778032,0.0
2014-11-30,20132.065679778032,0.0
2014-12-01,20132.065679778032,0.0
2014-12-02,20132.065679778032,0.0
2014-12-03,20132.065679778032,0.0
2014-12-04,20132.065679778032,0.0
2014-12-05,20132.065679778032,0.0
2014-12-07,20132.065679778032,0.0
2014-12-08,20132.065679778032,0.0
2014-12-09,20132.065679778032,0.0
2014-12-10,20132.065679778032,0.0
2014-12-11,20132.065679778032,0.0
2014-12-12,20132.065679778032,0.0
2014-12-14,20132.065679778032,0.0
2014-12-15,20132.065679778032,0.0
2014-12-16,20132.065679778032,0.0
2014-12-17,20132.065679778032,0.0
2014-12-18,20132.065679778032,0.0
2014-12-19,20132.065679778032,0.0
2014-12-21,20132.065679778032,0.0
2014-12-22,20132.065679778032,0.0
2014-12-23,20132.065679778032,0.0
2014-12-24,20132.065679778032,0.0
2014-12-25,20132.065679778032,0.0
2014-12-26,20132.065679778032,0.0
2014-12-28,20132.065679778032,0.0
2014-12-29,20132.065679778032,0.0
2014-12-30,20132.065679778032,0.0
2014-12-31,20132.065679778032,0.0
2015-01-01,20132.065679778032,0.0
2015-01-02,20132.065679778032,0.0
2015-01-04,20132.065679778032,0.0
2015-01-05,20132.065679778032,0.0
2015-01-06,20132.065679778032,0.0
2015-01-07,20132.065679778032,0.0
2015-01-08,20132.065679778032,0.0
2015-01-09,20132.065679778032,0.0
2015-01-11,20132.065679778032,0.0
2015-01-12,20132.065679778032,0.0
2015-01-13,20132.065679778032,0.0
2015-01-14,20132.065679778032,0.0
2015-01-15,20132.065679778032,0.0
2015-01-16,20132.065679778032,0.0
2015-01-18,20132.065679778032,0.0
2015-01-19,20132.065679778032,0.0
2015-01-20,20132.065679778032,0.0
2015-01-21,20132.065679778032,0.0
2015-01-22,20132.065679778032,0.0
2015-01-23,20132.065679778032,0.0
2015-01-25,20132.065679778032,0.0
2015-01-26,20132.065679778032,0.0
2015-01-27,20132.065679778032,0.0
2015-01-28,20132.065679778032,0.0
2015-01-29,20132.065679778032,0.0
2015-01-30,20132.065679778032,0.0
2015-02-01,20132.065679778032,0.0
2015-02-02,20132.065679778032,0.0
2015-02-03,20132.065679778032,0.0
2015-02-04,20132.065679778032,0.0
2015-02-05,20132.065679778032,0.0
2015-02-06,20132.065679778032,0.0
2015-02-08,20132.065679778032,0.0
2015-02-09,20132.065679778032,0.0
2015-02-10,20132.065679778032,0.0
2015-02-11,20132.065679778032,0.0
2015-02-12,20132.065679778032,0.0
2015-02-13,20132.065679778032,0.0
2015-02-15,20132.065679778032,0.0
2015-02-16,20132.065679778032,0.0
2015-02-17,20132.065679778032,0.0
2015-02-18,20132.065679778032,0.0
2015-02-19,20132.065679778032,0.0
2015-02-20,20132.065679778032,0.0
2015-02-22,20132.065679778032,0.0
2015-02-23,20132.065679778032,0.0
2015-02-24,20132.065679778032,0.0
2015-02-25,20132.065679778032,0.0
2015-02-26,20132.065679778032,0.0
2015-02-27,20132.065679778032,0.0
2015-03-01,20132.065679778032,0.0
2015-03-02,20132.065679778032,0.0
2015-03-03,20132.065679778032,0.0
2015-03-04,20132.065679778032,0.0
2015-03-05,20132.065679778032,0.0
2015-03-06,20132.065679778032,0.0
2015-03-08,20132.065679778032,0.0
2015-03-09,20132.065679778032,0.0
2015-03-10,20132.065679778032,0.0
2015-03-11,20132.065679778032,0.0
2015-03-12,20132.065679778032,0.0
2015-03-13,20132.065679778032,0.0
2015-03-15,20132.065679778032,0.0
2015-03-16,20132.065679778032,0.0
2015-03-17,20132.065679778032,0.0
2015-03-18,20132.065679778032,0.0
2015-03-19,20132.065679778032,0.0
2015-03-20,20132.065679778032,0.0
2015-03-22,20132.065679778032,0.0
2015-03-23,20132.065679778032,0.0
2015-03-24,20132.065679778032,0.0
2015-03-25,20132.065679778032,0.0
2015-03-26,20132.065679778032,0.0
2015-03-27,20132.065679778032,0.0
2015-03-29,20132.065679778032,0.0
2015-03-30,20132.065679778032,0.0
2015-03-31,20132.065679778032,0.0
2015-04-01,20132.065679778032,0.0
2015-04-02,20132.065679778032,0.0
2015-04-03,20132.065679778032,0.0
2015-04-05,20132.065679778032,0.0
2015-04-06,20132.065679778032,0.0
2015-04-07,20132.065679778032,0.0
2015-04-08,20132.065679778032,0.0
2015-04-09,20132.065679778032,0.0
2015-04-10,20132.065679778032,0.0
2015-04-12,20132.065679778032,0.0
2015-04-13,20132.065679778032,0.0
2015-04-14,20132.065679778032,0.0
2015-04-15,20132.065679778032,0.0
2015-04-16,20132.065679778032,0.0
2015-04-17,20132.065679778032,0.0
2015-04-19,20132.065679778032,0.0
2015-04-20,20132.065679778032,0.0
2015-04-21,20132.065679778032,0.0
2015-04-22,20132.065679778032,0.0
2015-04-23,20132.065679778032,0.0
2015-04-24,20132.065679778032,0.0
2015-04-26,20132.065679778032,0.0
2015-04-27,20132.065679778032,0.0
2015-04-28,20132.065679778032,0.0
2015-04-29,20132.065679778032,0.0
2015-04-30,20132.065679778032,0.0
2015-05-01,20132.065679778032,0.0
2015-05-03,20132.065679778032,0.0
2015-05-04,20132.065679778032,0.0
2015-05-05,20132.065679778032,0.0
2015-05-06,20132.065679778032,0.0
2015-05-07,20132.065679778032,0.0
2015-05-08,20132.065679778032,0.0
2015-05-10,20132.065679778032,0.0
2015-05-11,20132.065679778032,0.0
2015-05-12,20132.065679778032,0.0
2015-05-13,20132.065679778032,0.0
2015-05-14,20132.065679778032,0.0
2015-05-15,20132.065679778032,0.0
2015-05-17,20132.065679778032,0.0
2015-05-18,20132.065679778032,0.0
2015-05-19,20132.065679778032,0.0
2015-05-20,20132.065679778032,0.0
2015-05-21,20132.065679778032,0.0
2015-05-22,20132.065679778032,0.0
2015-05-24,20132.065679778032,0.0
2015-05-25,20132.065679778032,0.0
2015-05-26,20132.065679778032,0.0
2015-05-27,20132.065679778032,0.0
2015-05-28,20132.065679778032,0.0
2015-05-29,20132.065679778032,0.0
2015-05-31,20132.065679778032,0.0
2015-06-01,20132.065679778032,0.0
2015-06-02,20132.065679778032,0.0
2015-06-03,20132.065679778032,0.0
2015-06-04,20132.065679778032,0.0
2015-06-05,20132.065679778032,0.0
2015-06-07,20132.065679778032,0.0
2015-06-08,20132.065679778032,0.0
2015-06-09,20132.065679778032,0.0
2015-06-10,20132.065679778032,0.0
2015-06-11,20132.065679778032,0.0
2015-06-12,20132.065679778032,0.0
2015-06-14,20132.065679778032,0.0
2015-06-15,20132.065679778032,0.0
2015-06-16,20132.065679778032,0.0
2015-06-17,20132.065679778032,0.0
2015-06-18,20132.065679778032,0.0
2015-06-19,20132.065679778032,0.0
2015-06-21,20132.065679778032,0.0
2015-06-22,20132.065679778032,0.0
2015-06-23,20132.065679778032,0.0
2015-06-24,20132.065679778032,0.0
2015-06-25,20132.065679778032,0.0
2015-06-26,20132.065679778032,0.0
2015-06-28,20132.065679778032,0.0
2015-06-29,20132.065679778032,0.0
2015-06-30,20132.065679778032,0.0
2015-07-01,20132.065679778032,0.0
2015-07-02,20131.51567977803,0.1150884069919878
2015-07-03,20128.94567977803,0.1153713364593351
2015-07-05,20123.175679778033,0.11600707496817342
2015-07-06,20127.34567977803,0.11554755184634401
2015-07-07,20144.030245720664,0.22771619800468101
2015-07-08,20126.7116493088,0.343103479226364
2015-07-09,20123.8316493088,0.34348556163885025
2015-07-10,20110.4516493088,0.34526350761379154
2015-07-12,20112.5216493088,0.34498813658791583
2015-07-13,20127.3716493088,0.3430159492800971
2015-07-14,20133.971649308798,0.3421412768839242
2015-07-15,20153.4116493088,0.33957157643999514
2015-07-16,20165.471649308798,0.33798235030576407
2015-07-17,20202.2805873273,0.44475546042482433
2015-07-19,20212.4405873273,0.4433181237419425
2015-07-20,20354.5605873273,0.4235080728936958
2015-07-21,20336.0805873273,0.4260531797129412
2015-07-22,20363.8005873273,0.42223892317562606
2015-07-23,20378.040587327298,0.42028742933672636
2015-07-24,20343.0805873273,0.42508805407423916
2015-07-26,20356.8805873273,0.42318919901065094
2015-07-27,20364.8405873273,0.42209621683415943
2015-07-28,20358.3205873273,0.42299134913438013
2015-07-29,20353.2405873273,0.42368956492417376
2015-07-30,20386.4405873273,0.4191387765036292
2015-07-31,20357.3205873273,0.4231287390449402
2015-08-02,20360.720587327298,0.42266172155595677
2015-08-03,20393.6405873273,0.4181556946753731
2015-08-04,20390.2805873273,0.4186142966442094
2015-08-05,20400.360587327297,0.4172393796891571
2015-08-06,20381.9605873273,0.41975116003805496
2015-08-07,20364.680587327297,0.4221181697918774
2015-08-09,20370.4405873273,0.42132829007664024
2015-08-10,20322.4805873273,0.0
2015-08-11,20322.4805873273,0.0
2015-08-12,20322.4805873273,0.0
2015-08-13,20322.4805873273,0.0
2015-08-14,20322.4805873273,0.0
2015-08-16,20322.4805873273,0.0
2015-08-17,20322.4805873273,0.0
2015-08-18,20322.4805873273,0.0
2015-08-19,20322.4805873273,0.0
2015-08-20,20322.4805873273,0.0
2015-08-21,20322.4805873273,0.0
2015-08-23,20322.4805873273,0.0
2015-08-24,20322.4805873273,0.0
2015-08-25,20322.4805873273,0.0
2015-08-26,20322.4805873273,0.0
2015-08-27,20322.4805873273,0.0
2015-08-28,20322.4805873273,0.0
2015-08-30,20322.4805873273,0.0
2015-08-31,20322.4805873273,0.0
2015-09-01,20322.4805873273,0.0
2015-09-02,20322.4805873273,0.0
2015-09-03,20322.4805873273,0.0
2015-09-04,20322.4805873273,0.0
2015-09-06,20322.4805873273,0.0
2015-09-07,20322.4805873273,0.0
2015-09-08,20322.4805873273,0.0
2015-09-09,20322.4805873273,0.0
2015-09-10,20322.4805873273,0.0
2015-09-11,20322.4805873273,0.0
2015-09-13,20322.4805873273,0.0
2015-09-14,20322.4805873273,0.0
2015-09-15,20322.4805873273,0.0
2015-09-16,20322.4805873273,0.0
2015-09-17,20322.4805873273,0.0
2015-09-18,20322.4805873273,0.0
2015-09-20,20322.4805873273,0.0
2015-09-21,20322.4805873273,0.0
2015-09-22,20322.4805873273,0.0
2015-09-23,20322.4805873273,0.0
2015-09-24,20322.4805873273,0.0
2015-09-25,20322.4805873273,0.0
2015-09-27,20322.4805873273,0.0
2015-09-28,20322.4805873273,0.0
2015-09-29,20322.4805873273,0.0
2015-09-30,20322.4805873273,0.0
2015-10-01,20322.4805873273,0.0
2015-10-02,20322.4805873273,0.0
2015-10-04,20322.4805873273,0.0
2015-10-05,20322.4805873273,0.0
2015-10-06,20322.4805873273,0.0
2015-10-07,20322.4805873273,0.0
2015-10-08,20322.4805873273,0.0
2015-10-09,20322.4805873273,0.0
2015-10-11,20322.4805873273,0.0
2015-10-12,20322.4805873273,0.0
2015-10-13,20322.4805873273,0.0
2015-10-14,20322.4805873273,0.0
2015-10-15,20322.4805873273,0.0
2015-10-16,20322.4805873273,0.0
2015-10-18,20322.4805873273,0.0
2015-10-19,20322.4805873273,0.0
2015-10-20,20322.4805873273,0.0
2015-10-21,20322.4805873273,0.0
2015-10-22,20322.4805873273,0.0
2015-10-23,20322.4805873273,0.0
2015-10-25,20322.4805873273,0.0
2015-10-26,20322.4805873273,0.0
2015-10-27,20322.4805873273,0.0
2015-10-28,20322.4805873273,0.0
2015-10-29,20322.4805873273,0.0
2015-10-30,20322.4805873273,0.0
2015-11-01,20322.4805873273,0.0
2015-11-02,20322.4805873273,0.0
2015-11-03,20322.4805873273,0.0
2015-11-04,20322.4805873273,0.0
2015-11-05,20322.4805873273,0.0
2015-11-06,20322.4805873273,0.0
2015-11-08,20322.4805873273,0.0
2015-11-09,20322.4805873273,0.0
2015-11-10,20322.4805873273,0.0
2015-11-11,20322.4805873273,0.0
2015-11-12,20322.4805873273,0.0
2015-11-13,20322.4805873273,0.0
2015-11-15,20322.4805873273,0.0
2015-11-16,20322.4805873273,0.0
2015-11-17,20322.4805873273,0.0
2015-11-18,20322.4805873273,0.0
2015-11-19,20322.4805873273,0.0
2015-11-20,20322.4805873273,0.0
2015-11-22,20322.4805873273,0.0
2015-11-23,20322.4805873273,0.0
2015-11-24,20322.4805873273,0.0
2015-11-25,20322.4805873273,0.0
2015-11-26,20322.4805873273,0.0
2015-11-27,20321.930587327297,0.10250408012809188
2015-11-29,20322.790587327298,0.10241222962498528
2015-11-30,20315.8005873273,0.1031592255968292
2015-12-01,20311.2405873273,0.10364708212836082
2015-12-02,20326.720587327298,0.10199268887864778
2015-12-03,20318.290587327298,0.10289301226929318
2015-12-04,20296.74394226374,0.0
2015-12-06,20296.74394226374,0.0
2015-12-07,20296.74394226374,0.0
2015-12-08,20296.74394226374,0.0
2015-12-09,20296.74394226374,0.0
2015-12-10,20296.74394226374,0.0
2015-12-11,20296.74394226374,0.0
2015-12-13,20296.74394226374,0.0
2015-12-14,20296.74394226374,0.0
2015-12-15,20296.74394226374,0.0
2015-12-16,20296.74394226374,0.0
2015-12-17,20296.74394226374,0.0
2015-12-18,20296.74394226374,0.0
2015-12-20,20296.74394226374,0.0
2015-12-21,20296.74394226374,0.0
2015-12-22,20296.74394226374,0.0
2015-12-23,20296.74394226374,0.0
2015-12-24,20296.74394226374,0.0
2015-12-27,20296.74394226374,0.0
2015-12-28,20296.74394226374,0.0
2015-12-29,20296.74394226374,0.0
2015-12-30,20296.74394226374,0.0
2015-12-31,20296.74394226374,0.0
2016-01-03,20296.74394226374,0.0
2016-01-04,20296.74394226374,0.0
2016-01-05,20296.74394226374,0.0
2016-01-06,20296.193942263744,0.10618292605312261
2016-01-07,20316.80704865194,0.2148998221586104
2016-01-08,20307.68704865194,0.2142051839155091
2016-01-10,20313.18704865194,0.21462424656491869
2016-01-11,20287.32704865194,0.21264999058104844
2016-01-12,20271.58704865194,0.21144346922368132
2016-01-13,20286.14704865194,0.21255966783855607
2016-01-14,20255.442225965602,0.10512272179452439
2016-01-15,20265.3122259656,0.10598313778007491
2016-01-17,20267.792225965604,0.10619907142671597
2016-01-18,20266.092225965604,0.1060510636409753
2016-01-19,20264.362225965604,0.10590039362116747
2016-01-20,20277.662225965603,0.10705741984983604
2016-01-21,20277.932225965604,0.10708087734024752
2016-01-22,20274.912225965603,0.10681843074302814
2016-01-24,20275.252225965603,0.10684798541739225
2016-01-25,20284.962225965603,0.1076912073827294
2016-01-26,20303.672819072453,0.21729533141382804
2016-01-27,20316.70989956202,0.3270490333495993
2016-01-28,20286.379899562024,0.32506479759146084
2016-01-29,20295.379899562024,0.3256548114501952
2016-01-31,20295.67989956202,0.32567446081366985
2016-02-01,20327.389899562022,0.3277449610131931
2016-02-02,20328.70989956202,0.3278308746132547
2016-02-03,20380.110017664178,0.4401494774357037
2016-02-04,20432.310017664175,0.44295079346526695
2016-02-05,20483.230017664177,0.4456565383119367
2016-02-07,20471.950017664174,0.4450594198920347
2016-02-08,20566.270017664174,0.4500131069952679
2016-02-09,20566.590017664174,0.45002976287057556
2016-02-10,20599.910017664177,0.45175855191412545
2016-02-11,20797.870017664176,0.4618095968781356
2016-02-12,20763.590017664174,0.4600955621565659
2016-02-14,20745.590017664174,0.459191165109479
2016-02-15,20647.310017664175,0.4541992289110531
2016-02-16,20611.790017664178,0.4523723134371501
2016-02-17,20644.670017664175,0.4540638640727553
2016-02-18,20734.430017664177,0.45862891573178066
2016-02-19,20727.310017664175,0.4582695933934085
2016-02-21,20713.550017664176,0.4575738193145442
2016-02-22,20644.790017664178,0.4540700184765718
2016-02-23,20712.630017664174,0.45752723578786514
2016-02-24,20725.350017664176,0.4581705950767848
2016-02-25,20741.790017664178,0.4589998493632947
2016-02-26,20708.310017664175,0.4573083887113862
2016-02-28,20697.190017664176,0.4567442470342202
2016-02-29,20764.310017664175,0.46013167512568415
2016-03-01,20738.350017664176,0.45882654149801483
2016-03-02,20769.990017664175,0.46041639703167075
2016-03-03,20867.230017664177,0.4652445923921586
2016-03-04,20854.950017664174,0.4646396336963804
2016-03-06,20866.230017664177,0.4651953797943451
2016-03-07,20880.070017664177,0.46587567835231664
2016-03-08,20856.750017664177,0.46472839402131905
2016-03-09,20822.950017664174,0.46305674440152494
2016-03-10,20899.950017664174,0.4668498471785176
2016-03-11,20813.030017664176,0.4625641463890497
2016-03-14,20751.670017664175,0.0
2016-03-15,20751.670017664175,0.0
2016-03-16,20751.670017664175,0.0
2016-03-17,20751.670017664175,0.0
2016-03-18,20751.670017664175,0.0
2016-03-21,20751.670017664175,0.0
2016-03-22,20751.670017664175,0.0
2016-03-23,20751.670017664175,0.0
2016-03-24,20751.670017664175,0.0
2016-03-25,20751.670017664175,0.0
2016-03-28,20751.670017664175,0.0
2016-03-29,20751.670017664175,0.0
2016-03-30,20751.670017664175,0.0
2016-03-31,20751.670017664175,0.0
2016-04-01,20751.670017664175,0.0
2016-04-04,20751.670017664175,0.0
2016-04-05,20751.670017664175,0.0
2016-04-06,20751.670017664175,0.0
2016-04-07,20751.670017664175,0.0
2016-04-08,20751.670017664175,0.0
2016-04-11,20751.670017664175,0.0
2016-04-12,20751.670017664175,0.0
2016-04-13,20751.670017664175,0.0
2016-04-14,20751.670017664175,0.0
2016-04-15,20751.670017664175,0.0
2016-04-18,20751.670017664175,0.0
2016-04-19,20751.670017664175,0.0
2016-04-20,20751.670017664175,0.0
2016-04-21,20751.670017664175,0.0
2016-04-22,20751.670017664175,0.0
2016-04-25,20751.670017664175,0.0
2016-04-26,20751.670017664175,0.0
2016-04-27,20751.670017664175,0.0
2016-04-28,20751.670017664175,0.0
2016-04-29,20751.670017664175,0.0
2016-05-02,20751.670017664175,0.0
2016-05-03,20751.670017664175,0.0
2016-05-04,20751.670017664175,0.0
2016-05-05,20751.670017664175,0.0
2016-05-06,20751.670017664175,0.0
2016-05-09,20751.670017664175,0.0
2016-05-10,20751.670017664175,0.0
2016-05-11,20751.670017664175,0.0
2016-05-12,20751.670017664175,0.0
2016-05-13,20751.670017664175,0.0
2016-05-16,20751.670017664175,0.0
2016-05-17,20751.670017664175,0.0
2016-05-18,20751.670017664175,0.0
2016-05-19,20751.670017664175,0.0
2016-05-20,20751.670017664175,0.0
2016-05-23,20751.670017664175,0.0
2016-05-24,20751.670017664175,0.0
2016-05-25,20751.670017664175,0.0
2016-05-26,20751.670017664175,0.0
2016-05-27,20751.670017664175,0.0
2016-05-30,20751.670017664175,0.0
2016-05-31,20751.670017664175,0.0
2016-06-01,20751.670017664175,0.0
2016-06-02,20751.670017664175,0.0
2016-06-03,20751.670017664175,0.0
2016-06-06,20751.670017664175,0.0
2016-06-07,20751.670017664175,0.0
2016-06-08,20751.670017664175,0.0
2016-06-09,20751.670017664175,0.0
2016-06-10,20751.670017664175,0.0
2016-06-13,20751.670017664175,0.0
2016-06-14,20751.670017664175,0.0
2016-06-15,20751.670017664175,0.0
2016-06-16,20751.670017664175,0.0
2016-06-17,20751.670017664175,0.0
2016-06-20,20751.670017664175,0.0
2016-06-21,20751.670017664175,0.0
2016-06-22,20751.670017664175,0.0
2016-06-23,20751.670017664175,0.0
2016-06-24,20751.670017664175,0.0
2016-06-27,20751.670017664175,0.0
2016-06-28,20751.670017664175,0.0
2016-06-29,20751.670017664175,0.0
2016-06-30,20751.670017664175,0.0
2016-07-01,20751.670017664175,0.0
2016-07-04,20751.670017664175,0.0
2016-07-05,20751.670017664175,0.0
2016-07-06,20751.670017664175,0.0
2016-07-07,20751.670017664175,0.0
2016-07-08,20751.670017664175,0.0
2016-07-11,20751.670017664175,0.0
2016-07-12,20751.670017664175,0.0
2016-07-13,20751.670017664175,0.0
2016-07-14,20751.670017664175,0.0
2016-07-15,20751.670017664175,0.0
2016-07-18,20751.670017664175,0.0
2016-07-19,20751.670017664175,0.0
2016-07-20,20751.670017664175,0.0
2016-07-21,20751.670017664175,0.0
2016-07-22,20751.670017664175,0.0
2016-07-25,20751.670017664175,0.0
2016-07-26,20751.670017664175,0.0
2016-07-27,20751.670017664175,0.0
2016-07-28,20751.670017664175,0.0
2016-07-29,20751.670017664175,0.0
2016-08-01,20751.670017664175,0.0
2016-08-02,20751.670017664175,0.0
2016-08-03,20751.670017664175,0.0
2016-08-04,20751.670017664175,0.0
2016-08-05,20751.670017664175,0.0
2016-08-08,20751.670017664175,0.0
2016-08-09,20751.670017664175,0.0
2016-08-10,20751.670017664175,0.0
2016-08-11,20751.670017664175,0.0
2016-08-12,20751.670017664175,0.0
2016-08-15,20751.670017664175,0.0
2016-08-16,20751.670017664175,0.0
2016-08-17,20751.670017664175,0.0
2016-08-18,20751.670017664175,0.0
2016-08-19,20751.670017664175,0.0
2016-08-22,20751.670017664175,0.0
2016-08-23,20751.670017664175,0.0
2016-08-24,20751.670017664175,0.0
2016-08-25,20751.670017664175,0.0
2016-08-26,20751.670017664175,0.0
2016-08-29,20751.670017664175,0.0
2016-08-30,20751.670017664175,0.0
2016-08-31,20751.670017664175,0.0
2016-09-01,20751.670017664175,0.0
2016-09-02,20751.670017664175,0.0
2016-09-05,20751.670017664175,0.0
2016-09-06,20751.670017664175,0.0
2016-09-07,20751.670017664175,0.0
2016-09-08,20751.670017664175,0.0
2016-09-09,20751.670017664175,0.0
2016-09-12,20751.670017664175,0.0
2016-09-13,20751.670017664175,0.0
2016-09-14,20751.670017664175,0.0
2016-09-15,20751.670017664175,0.0
2016-09-16,20751.670017664175,0.0
2016-09-19,20751.670017664175,0.0
2016-09-20,20751.670017664175,0.0
2016-09-21,20751.670017664175,0.0
2016-09-22,20751.670017664175,0.0
2016-09-23,20751.670017664175,0.0
2016-09-26,20751.670017664175,0.0
2016-09-27,20751.670017664175,0.0
2016-09-28,20751.670017664175,0.0
2016-09-29,20751.670017664175,0.0
2016-09-30,20751.670017664175,0.0
2016-10-03,20751.670017664175,0.0
2016-10-04,20751.670017664175,0.0
2016-10-05,20751.670017664175,0.0
2016-10-06,20751.670017664175,0.0
2016-10-07,20751.670017664175,0.0
2016-10-10,20751.670017664175,0.0
2016-10-11,20751.670017664175,0.0
2016-10-12,20751.670017664175,0.0
2016-10-13,20751.670017664175,0.0
2016-10-14,20751.670017664175,0.0
2016-10-17,20751.670017664175,0.0
2016-10-18,20751.670017664175,0.0
2016-10-19,20751.670017664175,0.0
2016-10-20,20751.670017664175,0.0
2016-10-21,20751.670017664175,0.0
2016-10-24,20751.670017664175,0.0
2016-10-25,20751.670017664175,0.0
2016-10-26,20751.670017664175,0.0
2016-10-27,20751.670017664175,0.0
2016-10-28,20751.670017664175,0.0
2016-10-31,20751.670017664175,0.0
2016-11-01,20751.120017664176,0.11981449354891173
2016-11-02,20759.750017664177,0.12052045799122707
2016-11-03,20765.110017664178,0.12095835508075352
2016-11-04,20767.700017664174,0.12116979465063435
2016-11-07,20744.450017664174,0.11926808704896273
2016-11-08,20738.560017664175,0.11878501381020923
2016-11-09,20740.220017664178,0.11892121370878388
2016-11-10,20724.238294555966,0.0
2016-11-11,20724.238294555966,0.0
2016-11-14,20724.238294555966,0.0
2016-11-15,20724.238294555966,0.0
2016-11-16,20724.238294555966,0.0
2016-11-17,20724.238294555966,0.0
2016-11-18,20724.238294555966,0.0
2016-11-21,20724.238294555966,0.0
2016-11-22,20724.238294555966,0.0
2016-11-23,20724.238294555966,0.0
2016-11-24,20724.238294555966,0.0
2016-11-25,20724.238294555966,0.0
2016-11-28,20724.238294555966,0.0
2016-11-29,20724.238294555966,0.0
2016-11-30,20724.238294555966,0.0
2016-12-01,20724.238294555966,0.0
2016-12-02,20724.238294555966,0.0
2016-12-05,20724.238294555966,0.0
2016-12-06,20724.238294555966,0.0
2016-12-07,20724.238294555966,0.0
2016-12-08,20724.238294555966,0.0
2016-12-09,20724.238294555966,0.0
2016-12-12,20724.238294555966,0.0
2016-12-13,20724.238294555966,0.0
2016-12-14,20724.238294555966,0.0
2016-12-15,20724.238294555966,0.0
2016-12-16,20724.238294555966,0.0
2016-12-19,20724.238294555966,0.0
2016-12-20,20724.238294555966,0.0
2016-12-21,20724.238294555966,0.0
2016-12-22,20724.238294555966,0.0
2016-12-23,20724.238294555966,0.0
2016-12-27,20724.238294555966,0.0
2016-12-28,20724.238294555966,0.0
2016-12-29,20724.238294555966,0.0
2016-12-30,20724.238294555966,0.0
2017-01-03,20724.238294555966,0.0
2017-01-04,20724.238294555966,0.0
2017-01-05,20724.238294555966,0.0
2017-01-06,20724.238294555966,0.0
2017-01-09,20724.238294555966,0.0
2017-01-10,20724.238294555966,0.0
2017-01-11,20724.238294555966,0.0
2017-01-12,20724.238294555966,0.0
2017-01-13,20724.238294555966,0.0
2017-01-16,20724.238294555966,0.0
2017-01-17,20724.238294555966,0.0
2017-01-18,20724.238294555966,0.0
2017-01-19,20724.238294555966,0.0
2017-01-20,20724.238294555966,0.0
2017-01-23,20724.238294555966,0.0
2017-01-24,20724.238294555966,0.0
2017-01-25,20724.238294555966,0.0
2017-01-26,20724.238294555966,0.0
2017-01-27,20724.238294555966,0.0
2017-01-30,20724.238294555966,0.0
2017-01-31,20724.238294555966,0.0
2017-02-01,20724.238294555966,0.0
2017-02-02,20724.238294555966,0.0
2017-02-03,20724.238294555966,0.0
2017-02-06,20724.238294555966,0.0
2017-02-07,20724.238294555966,0.0
2017-02-08,20724.238294555966,0.0
2017-02-09,20724.238294555966,0.0
2017-02-10,20724.238294555966,0.0
2017-02-13,20724.238294555966,0.0
2017-02-14,20724.238294555966,0.0
2017-02-15,20724.238294555966,0.0
2017-02-16,20724.238294555966,0.0
2017-02-17,20724.238294555966,0.0
2017-02-20,20724.238294555966,0.0
2017-02-21,20724.238294555966,0.0
2017-02-22,20724.238294555966,0.0
2017-02-23,20724.238294555966,0.0
2017-02-24,20724.238294555966,0.0
2017-02-27,20724.238294555966,0.0
2017-02-28,20724.238294555966,0.0
2017-03-01,20724.238294555966,0.0
2017-03-02,20724.238294555966,0.0
2017-03-03,20724.238294555966,0.0
2017-03-06,20724.238294555966,0.0
2017-03-07,20724.238294555966,0.0
2017-03-08,20724.238294555966,0.0
2017-03-09,20723.68829455597,0.1119279082933937
2017-03-10,20719.55829455597,0.11235630861876755
2017-03-13,20720.098294555966,0.11230027625878825
2017-03-14,20725.37829455597,0.11175270159080404
2017-03-15,20705.278294555967,0.11384010452299491
2017-03-16,20696.998730039842,0.0
2017-03-17,20696.998730039842,0.0
2017-03-20,20696.998730039842,0.0
2017-03-21,20696.998730039842,0.0
2017-03-22,20696.998730039842,0.0
2017-03-23,20696.998730039842,0.0
2017-03-24,20696.998730039842,0.0
2017-03-27,20696.44873003984,0.11725947851061483
2017-03-28,20693.75873003984,0.1170374263713482
2017-03-29,20695.318730039842,0.11716621370809133
2017-03-30,20685.648730039844,0.11636729144056036
2017-03-31,20691.05873003984,0.11681443639355499
2017-04-03,20695.12873003984,0.11715053008018657
2017-04-04,20698.41873003984,0.11742202578710638
2017-04-05,20697.41873003984,0.11733952196104462
2017-04-06,20694.02873003984,0.11705971917613654
2017-04-07,20687.844689340476,0.23482190029418087
2017-04-10,20687.464689340475,0.23479469387185906
2017-04-11,20726.50362690993,0.3563164785971404
2017-04-12,20767.861268834764,0.47796306727091953
2017-04-13,20771.421268834765,0.47813560267122857
2017-04-17,20760.381268834768,0.4776001771316897
2017-04-18,20780.621268834766,0.4785809529284817
2017-04-19,20737.861268834764,0.4765045731080897
2017-04-20,20747.101268834766,0.4769546570538424
2017-04-21,20758.821268834767,0.4775244305695607
2017-04-24,20722.981268834767,0.4757781322278103
2017-04-25,20674.621268834766,0.0
2017-04-26,20674.621268834766,0.0
2017-04-27,20674.621268834766,0.0
2017-04-28,20674.621268834766,0.0
2017-05-01,20674.621268834766,0.0
2017-05-02,20674.621268834766,0.0
2017-05-03,20674.071268834767,0.11603632473546426
2017-05-04,20686.11933918781,0.22973915245331625
2017-05-05,20685.57933918781,0.22980129781027311
2017-05-08,20688.659339187812,0.22944692333943856
2017-05-09,20696.125287297305,0.3425586276884226
2017-05-10,20703.205287297304,0.34167054651751255
2017-05-11,20685.655287297304,0.343874091125523
2017-05-12,20674.645287297302,0.3452601843721903
2017-05-15,20669.725287297304,0.3458805077571786
2017-05-16,20649.115287297303,0.3484852872638821
2017-05-17,20600.270463793408,0.0
2017-05-18,20600.270463793408,0.0
2017-05-19,20600.270463793408,0.0
2017-05-22,20600.270463793408,0.0
2017-05-23,20600.270463793408,0.0
2017-05-24,20600.270463793408,0.0
2017-05-25,20600.270463793408,0.0
2017-05-26,20599.72046379341,0.11955409619797487
2017-05-29,20599.200463793408,0.11951090125402218
2017-05-30,20595.610463793408,0.1192125743312555
2017-05-31,20601.26046379341,0.11968199482818831
2017-06-01,20598.120463793406,0.11942117513419798
2017-06-02,20612.71584642009,0.24096188355618908
2017-06-05,20614.53584642009,0.2410920304973192
2017-06-06,20651.186711867347,0.3644579805999316
2017-06-07,20629.94671186735,0.36318808594683927
2017-06-08,20605.49671186735,0.3617199744833585
2017-06-09,20572.01671186735,0.35969863684866576
2017-06-12,20566.436711867347,0.3593605018932583
2017-06-13,20563.1438006083,0.23976763431490433
2017-06-14,20554.203800608302,0.23912367504733434
2017-06-15,20536.122771652765,0.0
2017-06-16,20536.122771652765,0.0
2017-06-19,20535.57277165277,0.11800687318540178
2017-06-20,20536.012771652768,0.11796018350925358
2017-06-21,20532.722771652767,0.1183093894157875
2017-06-22,20528.50277165277,0.11875762652278062
2017-06-23,20522.382771652767,0.11940831532805435
2017-06-26,20534.482771652765,0.11812255304536141
2017-06-27,20532.012771652768,0.11838477858248338
2017-06-28,20529.922771652768,0.11860675781613265
2017-06-29,20533.662771652766,0.11820959404082262
2017-06-30,20537.50277165277,0.11780210424611831
2017-07-03,20573.195014479723,0.2306795624841709
2017-07-04,20566.125137992298,0.3473666980152205
2017-07-05,20555.835137992297,0.3486801330150412
2017-07-06,20562.405137992297,0.34784123047739507
2017-07-07,20601.50407164519,0.4574747099302266
2017-07-10,20595.10407164519,0.4583551012959439
2017-07-11,20581.544071645192,0.4602239490784301
2017-07-12,20570.46407164519,0.46175456128676146
2017-07-13,20582.10407164519,0.4601466747097461
2017-07-14,20537.78407164519,0.4662877856096426
2017-07-17,20515.98407164519,0.0
2017-07-18,20515.98407164519,0.0
2017-07-19,20515.98407164519,0.0
2017-07-20,20515.98407164519,0.0
2017-07-21,20515.43407164519,0.11931699551835055
2017-07-24,20515.84407164519,0.11935133228003866
2017-07-25,20510.584071645193,0.1189106134807187
2017-07-26,20521.05407164519,0.1197874273259891
2017-07-27,20514.39004462486,0.23945278701992725
2017-07-28,20535.330044624858,0.24096444907250134
2017-07-31,20534.990044624858,0.2409399524107843
2017-08-01,20529.841407437965,0.361438492066142
2017-08-02,20523.121407437968,0.36103071065156256
2017-08-03,20528.671407437963,0.3613675318342788
2017-08-04,20499.481407437965,0.35959204588193916
2017-08-07,20496.691407437967,0.35942182670309164
2017-08-08,20506.201407437966,0.36000166504730435
2017-08-09,20555.041407437966,0.36296304790432116
2017-08-10,20586.417680288756,0.4859207482034364
2017-08-11,20598.457680288757,0.4865047496098997
2017-08-14,20569.857680288755,0.48511533031917986
2017-08-15,20527.057680288755,0.4830219567924439
2017-08-16,20573.817680288757,0.48530815975444963
2017-08-17,20593.297680288757,0.4862546258456122
2017-08-18,20576.937680288756,0.4854599842796673
2017-08-21,20608.777680288757,0.48700426719276624
2017-08-22,20581.777680288757,0.48569532977182645
2017-08-23,20604.657680288758,0.4868049639730975
2017-08-24,20586.897680288756,0.48594405607400576
2017-08-25,20606.577680288756,0.486897862408283
2017-08-28,20681.577680288756,0.49050057555340126
2017-08-29,20678.537680288755,0.4903555296401227
2017-08-30,20675.817680288757,0.4902256816977081
2017-08-31,20728.137680288757,0.4927117974736624
2017-09-01,20741.057680288755,0.4933219946974115
2017-09-04,20777.217680288755,0.49502201386889494
2017-09-05,20802.057680288755,0.4961832419929019
2017-09-06,20778.537680288755,0.49508385629701135
2017-09-07,20839.817680288757,0.49793826420300247
2017-09-08,20828.137680288757,0.4973967046802801
2017-09-11,20751.257680288756,0.4938026934033462
2017-09-12,20767.537680288755,0.49456803942730115
2017-09-13,20734.537680288755,0.49301424594353277
2017-09-14,20760.737680288756,0.4942486433566962
2017-09-15,20723.657680288758,0.49249986874420515
2017-09-18,20671.217680288755,0.0
2017-09-19,20671.217680288755,0.0
2017-09-20,20671.217680288755,0.0
2017-09-21,20671.217680288755,0.0
2017-09-22,20671.217680288755,0.0
2017-09-25,20671.217680288755,0.0
2017-09-26,20671.217680288755,0.0
2017-09-27,20671.217680288755,0.0
2017-09-28,20671.217680288755,0.0
2017-09-29,20671.217680288755,0.0
2017-10-02,20671.217680288755,0.0
2017-10-03,20671.217680288755,0.0
2017-10-04,20671.217680288755,0.0
2017-10-05,20671.217680288755,0.0
2017-10-06,20671.217680288755,0.0
2017-10-09,20671.217680288755,0.0
2017-10-10,20671.217680288755,0.0
2017-10-11,20671.217680288755,0.0
2017-10-12,20671.217680288755,0.0
2017-10-13,20671.217680288755,0.0
2017-10-16,20671.217680288755,0.0
2017-10-17,20671.217680288755,0.0
2017-10-18,20671.217680288755,0.0
2017-10-19,20671.217680288755,0.0
2017-10-20,20671.217680288755,0.0
2017-10-23,20671.217680288755,0.0
2017-10-24,20671.217680288755,0.0
2017-10-25,20671.217680288755,0.0
2017-10-26,20671.217680288755,0.0
2017-10-27,20671.217680288755,0.0
2017-10-30,20671.217680288755,0.0
2017-10-31,20671.217680288755,0.0
2017-11-01,20671.217680288755,0.0
2017-11-02,20671.217680288755,0.0
2017-11-03,20671.217680288755,0.0
2017-11-06,20671.217680288755,0.0
2017-11-07,20671.217680288755,0.0
2017-11-08,20671.217680288755,0.0
2017-11-09,20671.217680288755,0.0
2017-11-10,20671.217680288755,0.0
2017-11-13,20671.217680288755,0.0
2017-11-14,20671.217680288755,0.0
2017-11-15,20671.217680288755,0.0
2017-11-16,20671.217680288755,0.0
2017-11-17,20670.667680288756,0.12128013342506977
2017-11-20,20653.237680288756,0.11984244023413124
2017-11-21,20656.977680288757,0.12015132605263237
2017-11-22,20668.457680288757,0.12109810421678799
2017-11-23,20667.457680288757,0.1210157132739669
2017-11-24,20664.977680288757,0.12081131706270154
2017-11-27,20670.867680288757,0.121296602936133
2017-11-28,20670.347680288756,0.12125378092318986
2017-11-29,20659.827680288756,0.12038656144254273
2017-11-30,20651.237680288756,0.11967717163602368
2017-12-01,20656.477680288757,0.12011004371242841
2017-12-04,20652.537680288755,0.11978460328388264
2017-12-05,20646.098091610926,0.0
2017-12-06,20646.098091610926,0.0
2017-12-07,20645.548091610926,0.11711186584958083
2017-12-08,20644.178091610927,0.1172556480414083
2017-12-11,20650.64809161093,0.11657694342356241
2017-12-12,20641.606747422127,0.23377108918280892
2017-12-13,20618.20674742213,0.23649002696332322
2017-12-14,20624.22674742213,0.23578939527131562
2017-12-15,20618.626747422128,0.2364411199037121
2017-12-18,20605.617840440802,0.11896525209393741
2017-12-19,20605.5978404408,0.11896736223476856
2017-12-20,20601.8278404408,0.0
2017-12-21,20601.8278404408,0.0
2017-12-22,20601.8278404408,0.0
2017-12-26,20601.2778404408,0.12103257921468161
2017-12-27,20605.0178404408,0.12134255871713952
2017-12-28,20615.97460548558,0.24393426851849095
2017-12-29,20634.136797322888,0.36747975641838504
2018-01-02,20689.37676961311,0.49316252140963684
2018-01-03,20669.05676961311,0.49219721231180835
2018-01-04,20708.81676961311,0.49408259696940876
2018-01-05,20697.65676961311,0.49355481426526937
2018-01-08,20699.17676961311,0.49362676341602113
2018-01-09,20668.41676961311,0.49216674914270475
2018-01-10,20684.216769613107,0.49291774152114154
2018-01-11,20707.33676961311,0.4940126675581466
2018-01-12,20770.576769613108,0.4969835984180333
2018-01-15,20776.29676961311,0.49725059680148187
2018-01-16,20771.61676961311,0.49703216467032707
2018-01-17,20724.61676961311,0.4948279378183733
2018-01-18,20726.33676961311,0.49490894366087257
2018-01-19,20744.216769613107,0.4957494914905557
2018-01-22,20753.49676961311,0.49618464712590127
2018-01-23,20782.69676961311,0.49754900046145845
2018-01-24,20850.33676961311,0.5006812337119477
2018-01-25,20810.97676961311,0.4988633418544479
2018-01-26,20817.81676961311,0.4991802056740815
2018-01-29,20779.33676961311,0.4973923827219322
2018-01-30,20772.41676961311,0.49706951694483237
2018-01-31,20797.896769613108,0.4982562914604314
2018-02-01,20811.53676961311,0.49888929899028733
2018-02-02,20748.85676961311,0.49596716323087486
2018-02-05,20776.49676961311,0.49725992728083795
2018-02-06,20715.29676961311,0.0
2018-02-07,20715.29676961311,0.0
2018-02-08,20715.29676961311,0.0
2018-02-09,20715.29676961311,0.0
2018-02-12,20715.29676961311,0.0
2018-02-13,20715.29676961311,0.0
2018-02-14,20715.29676961311,0.0
2018-02-15,20715.29676961311,0.0
2018-02-16,20715.29676961311,0.0
2018-02-19,20715.29676961311,0.0
2018-02-20,20715.29676961311,0.0
2018-02-21,20715.29676961311,0.0
2018-02-22,20715.29676961311,0.0
2018-02-23,20715.29676961311,0.0
2018-02-26,20715.29676961311,0.0
2018-02-27,20715.29676961311,0.0
2018-02-28,20715.29676961311,0.0
2018-03-01,20715.29676961311,0.0
2018-03-02,20715.29676961311,0.0
2018-03-05,20715.29676961311,0.0
2018-03-06,20715.29676961311,0.0
2018-03-07,20715.29676961311,0.0
2018-03-08,20715.29676961311,0.0
2018-03-09,20715.29676961311,0.0
2018-03-12,20715.29676961311,0.0
2018-03-13,20715.29676961311,0.0
2018-03-14,20715.29676961311,0.0
2018-03-15,20715.29676961311,0.0
2018-03-16,20715.29676961311,0.0
2018-03-19,20715.29676961311,0.0
2018-03-20,20715.29676961311,0.0
2018-03-21,20715.29676961311,0.0
2018-03-22,20715.29676961311,0.0
2018-03-23,20715.29676961311,0.0
2018-03-26,20715.29676961311,0.0
2018-03-27,20715.29676961311,0.0
2018-03-28,20715.29676961311,0.0
2018-03-29,20715.29676961311,0.0
2018-04-02,20715.29676961311,0.0
2018-04-03,20715.29676961311,0.0
2018-04-04,20715.29676961311,0.0
2018-04-05,20715.29676961311,0.0
2018-04-06,20715.29676961311,0.0
2018-04-09,20715.29676961311,0.0
2018-04-10,20715.29676961311,0.0
2018-04-11,20715.29676961311,0.0
2018-04-12,20715.29676961311,0.0
2018-04-13,20715.29676961311,0.0
2018-04-16,20715.29676961311,0.0
2018-04-17,20715.29676961311,0.0
2018-04-18,20715.29676961311,0.0
2018-04-19,20715.29676961311,0.0
2018-04-20,20715.29676961311,0.0
2018-04-23,20715.29676961311,0.0
2018-04-24,20715.29676961311,0.0
2018-04-25,20715.29676961311,0.0
2018-04-26,20715.29676961311,0.0
2018-04-27,20715.29676961311,0.0
2018-04-30,20715.29676961311,0.0
2018-05-01,20715.29676961311,0.0
2018-05-02,20715.29676961311,0.0
2018-05-03,20715.29676961311,0.0
2018-05-04,20715.29676961311,0.0
2018-05-07,20715.29676961311,0.0
2018-05-08,20715.29676961311,0.0
2018-05-09,20715.29676961311,0.0
2018-05-10,20715.29676961311,0.0
2018-05-11,20715.29676961311,0.0
2018-05-14,20715.29676961311,0.0
2018-05-15,20714.74676961311,0.12047694898967841
2018-05-16,20715.00676961311,0.12044976057878876
2018-05-17,20714.78676961311,0.12047276607135037
2018-05-18,20713.076769613108,0.12065161370505878
2018-05-21,20713.08676961311,0.12065056764649713
2018-05-22,20714.526769613112,0.12049995559875017
2018-05-23,20712.38676961311,0.12072379646228057
2018-05-24,20701.30676961311,0.12188417994928256
2018-05-25,20704.91676961311,0.12150584894711045
2018-05-28,20707.97676961311,0.12118535816051136
2018-05-29,20706.88676961311,0.12129949890624739
2018-05-30,20704.00676961311,0.12160119364788538
2018-05-31,20707.31676961311,0.12125446813010578
2018-06-01,20712.28676961311,0.12073425850293128
2018-06-04,20713.67676961311,0.12058885364773374
2018-06-05,20709.12676961311,0.12106495962666046
2018-06-06,20709.58676961311,0.12101680745304987
2018-06-07,20708.846769613112,0.1210942716707534
2018-06-08,20706.95676961311,0.12129216806830602
2018-06-11,20705.20676961311,0.12147546777809672
2018-06-12,20710.03676961311,0.12096970606822686
2018-06-13,20706.096769613112,0.12138223929456987
2018-06-14,20703.30676961311,0.1216745467575788
2018-06-15,20726.860980575384,0.23870170450019712
2018-06-18,20730.740980575385,0.238253817199389
2018-06-19,20737.103823181107,0.35610999604427557
2018-06-20,20757.683823181105,0.3535156881823497
2018-06-21,20756.511449595044,0.4712717523478157
2018-06-22,20748.631449595043,0.47235036607300196
2018-06-25,20764.191449595044,0.4702220342049397
2018-06-26,20791.671449595044,0.46647824885262823
2018-06-27,20818.431449595046,0.46285083224217627
2018-06-28,20832.91144959504,0.46089548716717726
2018-06-29,20814.511449595044,0.4633810804451688
2018-07-02,20859.511449595044,0.457317073889654
2018-07-03,20814.23144959504,0.46341897002654453
2018-07-04,20802.751449595045,0.46497413399141885
2018-07-05,20796.791449595043,0.46578282293195744
2018-07-06,20807.23144959504,0.4643668476433017
2018-07-09,20795.91144959504,0.46590230231914975
2018-07-10,20801.751449595045,0.4651097577502905
2018-07-11,20856.751449595045,0.457687552586031
2018-07-12,20837.711449595045,0.4602484595755112
2018-07-13,20861.191449595044,0.45709165730478885
2018-07-16,20862.271449595042,0.4569467834635124
2018-07-17,20916.351449595044,0.449729016390556
2018-07-18,20915.551449595045,0.4498352669284668
2018-07-19,20934.031449595044,0.44738484817337626
2018-07-20,20899.111449595042,0.4520221692184871
2018-07-23,20927.751449595045,0.4482166365690453
2018-07-24,20927.671449595044,0.44822723876654547
2018-07-25,20899.151449595043,0.4520168402819146
2018-07-26,20934.111449595042,0.44737425830620814
2018-07-27,20934.23144959504,0.4473583737960075
2018-07-30,20940.311449595043,0.4465540147105076
2018-07-31,20929.671449595044,0.4479622303908692
2018-08-01,20960.91144959504,0.44383535277805153
2018-08-02,20994.591449595042,0.4394124167458667
2018-08-03,20972.631449595043,0.4422931748226274
2018-08-06,20996.631449595043,0.43914538939811754
2018-08-07,20983.151449595043,0.440911702094261
2018-08-08,20971.91144959504,0.4423878211466196
2018-08-09,20976.791449595043,0.44174657250857113
2018-08-10,20979.031449595044,0.4414524197559129
2018-08-13,21050.671449595044,0.4321076797713486
2018-08-14,21049.711449595045,0.4322321014251494
2018-08-15,21126.831449595044,0.42230530958308127
2018-08-16,21129.391449595045,0.42197814869481315
2018-08-17,21088.871449595044,0.427174218903312
2018-08-20,21063.951449595043,0.4303887288093884
2018-08-21,21040.831449595044,0.43338402744799637
2018-08-22,21043.751449595045,0.433005036542664
2018-08-23,21084.351449595044,0.42775619498903766
2018-08-24,21000.271449595042,0.0
2018-08-27,21000.271449595042,0.0
2018-08-28,21000.271449595042,0.0
2018-08-29,21000.271449595042,0.0
2018-08-30,21000.271449595042,0.0
2018-08-31,21000.271449595042,0.0
2018-09-03,21000.271449595042,0.0
2018-09-04,21000.271449595042,0.0
2018-09-05,21000.271449595042,0.0
2018-09-06,21000.271449595042,0.0
2018-09-07,21000.271449595042,0.0
2018-09-10,21000.271449595042,0.0
2018-09-11,21000.271449595042,0.0
2018-09-12,21000.271449595042,0.0
2018-09-13,21000.271449595042,0.0
2018-09-14,21000.271449595042,0.0
2018-09-17,21000.271449595042,0.0
2018-09-18,21000.271449595042,0.0
2018-09-19,21000.271449595042,0.0
2018-09-20,21000.271449595042,0.0
2018-09-21,21000.271449595042,0.0
2018-09-24,21000.271449595042,0.0
2018-09-25,21000.271449595042,0.0
2018-09-26,21000.271449595042,0.0
2018-09-27,20999.721449595047,0.10751726808896055
2018-09-28,20991.011449595047,0.10839493757818758
2018-10-01,20993.611449595046,0.10813280107728285
2018-10-02,20976.451400182756,0.0
2018-10-03,20976.451400182756,0.0
2018-10-04,20976.451400182756,0.0
2018-10-05,20976.451400182756,0.0
2018-10-08,20976.451400182756,0.0
2018-10-09,20976.451400182756,0.0
2018-10-10,20976.451400182756,0.0
2018-10-11,20975.901400182756,0.11159903458859467
2018-10-12,20968.841400182755,0.11102722298270344
2018-10-15,20977.941400182757,0.11176412364339769
2018-10-16,20975.641400182758,0.11157798941751218
2018-10-17,20973.301400182754,0.11138853800002642
2018-10-18,20976.831400182757,0.11167430338591068
2018-10-19,20977.581400182757,0.11173499473933116
2018-10-22,20973.00140018276,0.11136424351314195
2018-10-23,20977.253681982907,0.22419268710527301
2018-10-24,20983.093681982908,0.22460520427379518
2018-10-25,20980.113681982908,0.224394762327729
2018-10-26,20973.17179857896,0.33726438152360516
2018-10-29,20960.99179857896,0.3365279408819755
2018-10-30,20941.551798578963,0.3353491412869374
2018-10-31,20920.282574771983,0.0
2018-11-01,20920.282574771983,0.0
2018-11-02,20920.282574771983,0.0
2018-11-05,20920.282574771983,0.0
2018-11-06,20920.282574771983,0.0
2018-11-07,20920.282574771983,0.0
2018-11-08,20920.282574771983,0.0
2018-11-09,20919.732574771984,0.11076553310420757
2018-11-12,20928.524752795995,0.21966734342490382
2018-11-13,20925.024752795995,0.22005808264962684
2018-11-14,20907.804752795993,0.22198417141444834
2018-11-15,20903.524752795995,0.2224638412801321
2018-11-16,20883.085049502675,0.11222644998587167
2018-11-19,20880.515049502676,0.11248916015753717
2018-11-20,20882.845049502677,0.11225097797894538
2018-11-21,20878.515049502676,0.11269368975649348
2018-11-22,20877.135049502678,0.11283485903359407
2018-11-23,20881.725049502675,0.11236545625235055
2018-11-26,20882.155049502675,0.11232150198557041
2018-11-27,20889.835049502675,0.11153704298353627
2018-11-28,20883.265049502676,0.11220805470099285
2018-11-29,20880.265049502676,0.11251472224529642
2018-11-30,20882.595049502677,0.11227652912214514
2018-12-03,20870.570286061302,0.0
2018-12-04,20870.0202860613,0.11395194925149699
2018-12-05,20868.5502860613,0.11383210892318099
2018-12-06,20869.230286061298,0.11388754929476877
2018-12-07,20880.16801602347,0.22942660410425558
2018-12-10,20872.38801602347,0.22887520168822395
2018-12-11,20869.88801602347,0.22869784825156134
2018-12-12,20874.988016023468,0.22905956276270575
2018-12-13,20868.188016023465,0.22857720130875547
2018-12-14,20860.288016023467,0.22801605227655034
2018-12-17,20875.768016023467,0.22911485389618333
2018-12-18,20882.948016023467,0.22962344360375853
2018-12-19,20858.017769516067,0.3434549545930802
2018-12-20,20904.408820362583,0.46211767029406403
2018-12-21,20888.288820362584,0.4613213410179114
2018-12-24,20941.288820362584,0.4639307199854894
2018-12-26,20932.848820362582,0.46351688231173555
2018-12-27,20967.648820362585,0.4652191261382236
2018-12-28,20987.928820362584,0.46620615074488275
2018-12-31,20995.368820362582,0.4665673415610656
2019-01-02,21004.248820362584,0.466997800930375
2019-01-03,21041.128820362585,0.4687781552239899
2019-01-04,21005.128820362585,0.4670404212343112
2019-01-07,21020.48882036258,0.46778324301502167
2019-01-08,21005.768820362584,0.46707141353807274
2019-01-09,21037.448820362584,0.46860104034712
2019-01-10,21010.128820362585,0.46728245272525076
2019-01-11,21016.088820362584,0.46757066722982965
2019-01-14,21031.048820362583,0.4682927330050748
2019-01-15,21021.768820362584,0.4678450513744641
2019-01-16,21039.568820362583,0.468703088335841
2019-01-17,21032.968820362585,0.4683852627646754
2019-01-18,20990.728820362583,0.46634214015944686
2019-01-21,20985.848820362582,0.46610508516273197
2019-01-22,21005.528820362582,0.46705979184657226
2019-01-23,20995.448820362584,0.46657122267709566
2019-01-24,20988.888820362583,0.4662527834939862
2019-01-25,21077.48882036258,0.47052180187435266
2019-01-28,21077.568820362583,0.4705256256606488
2019-01-29,21111.048820362583,0.4721210467896061
2019-01-30,21144.128820362585,0.4736879916853158
2019-01-31,21149.928820362584,0.473961770083134
2019-02-01,21136.968820362585,0.47334962367510436
2019-02-04,21113.608820362584,0.4722426427664
2019-02-05,21125.128820362585,0.47278913214674795
2019-02-06,21091.368820362582,0.47118440335384654
2019-02-07,21105.568820362583,0.47186056696093764
2019-02-08,21120.968820362585,0.47259191936378847
2019-02-11,21097.968820362585,0.47149889179712456
2019-02-12,21108.088820362584,0.47198038157466476
2019-02-13,21089.528820362582,0.47109666105986897
2019-02-14,21114.528820362582,0.4722863276383818
2019-02-15,21150.328820362585,0.47398064085325714
2019-02-18,21170.688820362582,0.47493937798437347
2019-02-19,21230.328820362585,0.4777277750115587
2019-02-20,21218.648820362585,0.4771840250746864
2019-02-21,21158.968820362585,0.4743879192798026
2019-02-22,21176.16882036258,0.47519683044906813
2019-02-25,21174.648820362585,0.4751254455822556
2019-02-26,21180.528820362582,0.47540148461668447
2019-02-27,21144.248820362584,0.4736936589529815
2019-02-28,21117.888820362583,0.0
2019-03-01,21117.338820362584,0.11631020884527002
2019-03-04,21120.911149177147,0.23137852334971581
2019-03-05,21119.07114917715,0.23158229365144029
2019-03-06,21121.53114917715,0.23130987680507767
2019-03-07,21123.091149177148,0.2311371870930134
2019-03-08,21097.49114917715,0.23397720846053824
2019-03-11,21107.271149177148,0.23289068622328848
2019-03-12,21091.551149177147,0.23463805602997848
2019-03-13,21076.968363868094,0.11819208622735672
2019-03-14,21089.98836386809,0.11687929305887029
2019-03-15,21083.958363868092,0.11748690830931179
2019-03-18,21082.678363868094,0.11761597307106643
2019-03-19,21079.66836386809,0.11791959444026864
2019-03-20,21069.703672821262,0.0
2019-03-21,21069.703672821262,0.0
2019-03-22,21069.703672821262,0.0
2019-03-25,21069.15367282126,0.11944183259884432
2019-03-26,21062.243672821263,0.11889179436820119
2019-03-27,21056.863672821262,0.11846306862041509
2019-03-28,21045.47981456091,0.0
2019-03-29,21045.47981456091,0.0
2019-04-01,21045.47981456091,0.0
2019-04-02,21045.47981456091,0.0
2019-04-03,21045.47981456091,0.0
2019-04-04,21045.47981456091,0.0
2019-04-05,21045.47981456091,0.0
2019-04-08,21045.47981456091,0.0
2019-04-09,21045.47981456091,0.0
2019-04-10,21045.47981456091,0.0
2019-04-11,21045.47981456091,0.0
2019-04-12,21045.47981456091,0.0
2019-04-15,21045.47981456091,0.0
2019-04-16,21044.929814560906,0.1155969319349412
2019-04-17,21047.829814560908,0.11530409332709557
2019-04-18,21046.169814560908,0.11547169936846591
2019-04-22,21046.929814560906,0.11539495782074623
2019-04-23,21045.377721216788,0.2303533717197051
2019-04-24,21038.55772121679,0.23111352628038653
2019-04-25,21035.25772121679,0.23148168031351932
2019-04-26,21017.79772121679,0.23343322005697173
2019-04-29,21030.517721216787,0.23201086881692548
2019-04-30,21022.97772121679,0.23285359590808158
2019-05-01,21036.417721216785,0.23135224349939645
2019-05-02,21048.57772121679,0.22999702442425707
2019-05-03,21031.697721216788,0.23187908739379892
2019-05-06,21029.11772121679,0.2321672562324869
2019-05-07,21021.11772121679,0.23306166080189672
2019-05-08,21018.680898976585,0.11621990070689324
2019-05-09,21015.810898976582,0.1165107146237631
2019-05-10,21013.540898976586,0.1167408385544266
2019-05-13,20999.05554747152,0.0
2019-05-14,20999.05554747152,0.0
2019-05-15,20999.05554747152,0.0
2019-05-16,20999.05554747152,0.0
2019-05-17,20999.05554747152,0.0
2019-05-20,20999.05554747152,0.0
2019-05-21,20999.05554747152,0.0
2019-05-22,20999.05554747152,0.0
2019-05-23,20999.05554747152,0.0
2019-05-24,20999.05554747152,0.0
2019-05-27,20999.05554747152,0.0
2019-05-28,20999.05554747152,0.0
2019-05-29,20999.05554747152,0.0
2019-05-30,20999.05554747152,0.0
2019-05-31,20998.50554747152,0.11867339561419447
2019-06-03,21028.337516044478,0.24021208964142807
2019-06-04,21033.87510476174,0.36043366108827063
2019-06-05,21046.647532616105,0.48164839009215293
2019-06-06,21068.127532616105,0.48265435903748805
2019-06-07,21087.327532616102,0.4835502499793999
2019-06-10,21037.727532616103,0.48122949079003524
2019-06-11,21032.767532616104,0.4809962671933199
2019-06-12,21059.087532616104,0.48223146658994137
2019-06-13,21093.127532616105,0.4838202737884034
2019-06-14,21090.327532616102,0.483689952728981
2019-06-17,21084.247532616104,0.48340674314906407
2019-06-18,21112.327532616102,0.484712134716204
2019-06-19,21164.487532616105,0.48711953720330275
2019-06-20,21279.327532616102,0.4923414081151329
2019-06-21,21321.487532616105,0.49423187402539476
2019-06-24,21402.487532616105,0.497824705684869
2019-06-25,21418.767532616104,0.4985406685738672
2019-06-26,21360.687532616103,0.4959770246143257
2019-06-27,21362.567532616107,0.4960604180191177
2019-06-28,21365.767532616104,0.49620230079630034
2019-07-01,21261.247532616104,0.4915263592215982
2019-07-02,21398.007532616102,0.4976273251065448
2019-07-03,21399.687532616103,0.49770136100370477
2019-07-04,21387.087532616104,0.49714555928239323
2019-07-05,21319.367532616103,0.494137148907231
2019-07-08,21307.327532616102,0.49359850803832644
2019-07-09,21316.327532616102,0.4940012547257583
2019-07-10,21397.847532616106,0.4976202729304428
2019-07-11,21341.247532616104,0.4951130802719313
2019-07-12,21386.167532616106,0.49710492874677753
2019-07-15,21381.087532616104,0.496880459252571
2019-07-16,21349.287532616105,0.49547074949327646
2019-07-17,21431.207532616107,0.49908638118254317
2019-07-18,21508.607532616104,0.5024552261089684
2019-07-19,21426.087532616104,0.49886192309739164
2019-07-22,21424.927532616104,0.49881104135940707
2019-07-23,21396.607532616104,0.4975656118517154
2019-07-24,21426.647532616105,0.4988864829975954
2019-07-25,21382.687532616103,0.49695117992050547
2019-07-26,21400.327532616102,0.4977295594153765
2019-07-29,21432.607532616104,0.4991477214379787
2019-07-30,21448.807532616105,0.49985642467100877
2019-07-31,21375.247532616104,0.49662215998395814
2019-08-01,21505.687532616103,0.5023289554505966
2019-08-02,21488.007532616102,0.5015630416015108
2019-08-05,21580.967532616105,0.505563976715285
2019-08-06,21623.207532616107,0.5073608109854243
2019-08-07,21730.887532616107,0.5118828377907789
2019-08-08,21729.727532616103,0.5118345659185988
2019-08-09,21714.447532616105,0.5111978164848763
2019-08-12,21772.727532616103,0.5136175948392414
2019-08-13,21731.447532616105,0.5119061380365565
2019-08-14,21790.927532616104,0.5143683550953314
2019-08-15,21819.887532616107,0.5155582050323659
2019-08-16,21776.607532616104,0.5137778416443418
2019-08-19,21709.327532616102,0.5109840837002544
2019-08-20,21755.647532616105,0.5129109207528418
2019-08-21,21735.607532616104,0.512079155961715
2019-08-22,21718.287532616105,0.5113579935055779
2019-08-23,21830.767532616104,0.5160037151579532
2019-08-26,21835.727532616103,0.5162065435490428
2019-08-27,21896.607532616104,0.5186823204079486
2019-08-28,21890.447532616105,0.5184329675641506
2019-08-29,21833.807532616105,0.5161280495027415
2019-08-30,21808.847532616106,0.5151053041543022
2019-09-02,21840.847532616106,0.5164157365557264
2019-09-03,21921.087532616104,0.5196707081506085
2019-09-04,21936.607532616104,0.5202952332168078
2019-09-05,21801.767532616104,0.5148144109099556
2019-09-06,21751.887532616107,0.5127550772823453
2019-09-09,21721.047532616103,0.0
2019-09-10,21721.047532616103,0.0
2019-09-11,21721.047532616103,0.0
2019-09-12,21721.047532616103,0.0
2019-09-13,21721.047532616103,0.0
2019-09-16,21721.047532616103,0.0
2019-09-17,21721.047532616103,0.0
2019-09-18,21721.047532616103,0.0
2019-09-19,21721.047532616103,0.0
2019-09-20,21721.047532616103,0.0
2019-09-23,21721.047532616103,0.0
2019-09-24,21721.047532616103,0.0
2019-09-25,21721.047532616103,0.0
2019-09-26,21721.047532616103,0.0
2019-09-27,21721.047532616103,0.0
2019-09-30,21721.047532616103,0.0
2019-10-01,21721.047532616103,0.0
2019-10-02,21721.047532616103,0.0
2019-10-03,21721.047532616103,0.0
2019-10-04,21721.047532616103,0.0
2019-10-07,21721.047532616103,0.0
2019-10-08,21721.047532616103,0.0
2019-10-09,21721.047532616103,0.0
2019-10-10,21721.047532616103,0.0
2019-10-11,21721.047532616103,0.0
2019-10-14,21721.047532616103,0.0
2019-10-15,21721.047532616103,0.0
2019-10-16,21721.047532616103,0.0
2019-10-17,21721.047532616103,0.0
2019-10-18,21721.047532616103,0.0
2019-10-21,21721.047532616103,0.0
2019-10-22,21721.047532616103,0.0
2019-10-23,21721.047532616103,0.0
2019-10-24,21721.047532616103,0.0
2019-10-25,21721.047532616103,0.0
2019-10-28,21721.047532616103,0.0
2019-10-29,21721.047532616103,0.0
2019-10-30,21721.047532616103,0.0
2019-10-31,21721.047532616103,0.0
2019-11-01,21721.047532616103,0.0
2019-11-04,21721.047532616103,0.0
2019-11-05,21721.047532616103,0.0
2019-11-06,21721.047532616103,0.0
2019-11-07,21721.047532616103,0.0
2019-11-08,21721.047532616103,0.0
2019-11-11,21721.047532616103,0.0
2019-11-12,21721.047532616103,0.0
2019-11-13,21721.047532616103,0.0
2019-11-14,21721.047532616103,0.0
2019-11-15,21721.047532616103,0.0
2019-11-18,21721.047532616103,0.0
2019-11-19,21721.047532616103,0.0
2019-11-20,21721.047532616103,0.0
2019-11-21,21721.047532616103,0.0
2019-11-22,21721.047532616103,0.0
2019-11-25,21721.047532616103,0.0
2019-11-26,21721.047532616103,0.0
2019-11-27,21721.047532616103,0.0
2019-11-28,21721.047532616103,0.0
2019-11-29,21721.047532616103,0.0
2019-12-02,21721.047532616103,0.0
2019-12-03,21721.047532616103,0.0
2019-12-04,21721.047532616103,0.0
2019-12-05,21721.047532616103,0.0
2019-12-06,21721.047532616103,0.0
2019-12-09,21721.047532616103,0.0
2019-12-10,21721.047532616103,0.0
2019-12-11,21721.047532616103,0.0
2019-12-12,21721.047532616103,0.0
2019-12-13,21721.047532616103,0.0
2019-12-16,21721.047532616103,0.0
2019-12-17,21721.047532616103,0.0
2019-12-18,21721.047532616103,0.0
2019-12-19,21721.047532616103,0.0
2019-12-20,21721.047532616103,0.0
2019-12-23,21721.047532616103,0.0
2019-12-24,21720.497532616104,0.12787170474882345
2019-12-26,21734.882909813823,0.2575449642938064
2019-12-27,21734.08290981382,0.257494345593297
2019-12-30,21742.702909813823,0.2580393988736313
2019-12-31,21745.667656661433,0.38750798447959156
2020-01-02,21781.346679676444,0.5190510190612557
2020-01-03,21872.346679676444,0.5227374307241115
2020-01-06,21929.026679676444,0.5250051130047325
2020-01-07,21959.346679676444,0.5262093464264603
2020-01-08,21892.186679676444,0.5235336585020202
2020-01-09,21874.706679676445,0.5228322827228912
2020-01-10,21914.186679676444,0.5244134717695793
2020-01-13,21859.946679676446,0.522238435575241
2020-01-14,21851.626679676443,0.5219030405848781
2020-01-15,21891.386679676445,0.5235016039499762
2020-01-16,21876.386679676445,0.5228997815158025
2020-01-17,21894.266679676446,0.523616980157487
2020-01-20,21908.866679676445,0.5242010149171986
2020-01-21,21898.586679676446,0.5237899397451358
2020-01-22,21900.946679676446,0.5238843738916328
2020-01-23,21917.946679676446,0.5245635148427872
2020-01-24,21950.386679676445,0.5258541140503198
2020-01-27,21994.146679676443,0.5275840098506035
2020-01-28,21937.866679676445,0.525356847105448
2020-01-29,21974.986679676444,0.5268281434255807
2020-01-30,21962.026679676444,0.5263154955753946
2020-01-31,22021.466679676443,0.528657623012357
2020-02-03,21971.866679676445,0.5267048296406871
2020-02-04,21877.586679676446,0.5229479832488331
2020-02-05,21892.026679676444,0.523527247936631
2020-02-06,21932.386679676445,0.5251388651922158
2020-02-07,21946.586679676446,0.5257032965478048
2020-02-10,21953.826679676444,0.5259905608879204
2020-02-11,21937.266679676446,0.5253329902293826
2020-02-12,21929.266679676446,0.5250146692311075
2020-02-13,21970.346679676444,0.5266447304072901
2020-02-14,22002.466679676443,0.5279114842892285
2020-02-17,21983.426679676442,0.5271614012304005
2020-02-18,22071.826679676444,0.5306239204696475
2020-02-19,22111.786679676443,0.5321725167778621
2020-02-20,22143.666679676444,0.5334006746776572
2020-02-21,22241.346679676444,0.5371239106328283
2020-02-24,22300.666679676444,0.5393561318884963
2020-02-25,22207.506679676444,0.535840788102143
2020-02-26,22228.946679676446,0.5366545600290112
2020-02-27,22244.506679676444,0.5372433673394695
2020-02-28,22005.226679676445,0.5280200173755356
2020-03-02,22025.906679676445,0.5288316439996777
2020-03-03,22224.986679676444,0.536504470054244
2020-03-04,22209.386679676445,0.5359122592858527
2020-03-05,22353.106679676443,0.541311604715709
2020-03-06,22363.546679676445,0.5416989294026161
2020-03-09,22379.226679676445,0.5422794309939445
2020-03-10,22262.426679676442,0.5751708921080124
2020-03-11,22214.312679676445,0.5729367730735735
2020-03-12,22014.08010887393,0.5948245413762165
2020-03-13,21888.39661074378,0.09014651666470755
2020-03-16,22037.532088358654,0.0966211501831662
2020-03-17,22056.320088358654,0.09461522964456615
2020-03-18,22107.833088358653,0.08915284561955761
2020-03-19,22096.976088358653,0.09029957140779382
2020-03-20,22059.169088358656,0.09431169375741925
2020-03-23,22008.657088358654,0.09971839238925535
2020-03-24,21927.730088358654,0.10849290326030558
2020-03-25,21916.873088358654,0.10968073758769503
2020-03-26,21921.955088358656,0.10912441327188321
2020-03-27,21913.793088358652,0.11001817553733106
2020-03-28,21913.793088358652,0.11001817553733106
2020-03-30,21947.442088358654,0.10634275516693767
2020-03-31,21952.524088358652,0.10578977189336551
2020-04-01,21953.448088358655,0.10568928886581531
2020-04-02,21913.408088358654,0.11006036971111903
2020-04-03,21921.570088358654,0.10916653952409204
2020-04-06,21868.286088358655,0.0
2020-04-07,21868.286088358655,0.0
2020-04-08,21868.286088358655,0.0
2020-04-09,21868.286088358655,0.0
2020-04-13,21868.286088358655,0.0
2020-04-14,21866.486088358655,0.02809961459951098
2020-04-15,21861.536088358655,0.027622174862177273
2020-04-16,21862.562088358653,0.02772117363202358
2020-04-17,21856.064088358653,0.027093840751539224
2020-04-20,21858.620088358657,0.02734069983315146
2020-04-21,21850.862088358655,0.026591043144899504
2020-04-22,21854.786088358655,0.02697036421549518
2020-04-23,21857.450088358655,0.02722771650686006
2020-04-24,21857.342088358655,0.027217285953449386
2020-04-27,21856.802088358654,0.027165129830967027
2020-04-28,21855.938088358656,0.027081668401094987
2020-04-29,21858.530088358653,0.027332009739837616
2020-04-30,21852.212088358654,0.026721576879976092
2020-05-01,21852.122088358657,0.026712875720150814
2020-05-04,21849.062088358653,0.026416943689247175
2020-05-05,21852.068088358654,0.026707654949577986
2020-05-06,21850.232088358654,0.026530115418635845
2020-05-07,21859.196088358654,0.02739631275355064
2020-05-08,21861.320088358654,0.02760133044692579
2020-05-11,21862.148088358656,0.027681229186028583
2020-05-12,21861.104088358654,0.027580485137990895
2020-05-13,21863.534088358654,0.027814943347289574
2020-05-14,21868.700088358655,0.02831300865759167
2020-05-15,21891.45620269199,0.06745307000561683
2020-05-18,21911.213160513733,0.10544850422820562
2020-05-19,21941.32117727457,0.14674504270766978
2020-05-20,21959.63917727457,0.14828121774709976
2020-05-21,21921.799177274566,0.14510178702540655
2020-05-22,21930.74317727457,0.14585542919196437
2020-05-25,21920.25117727457,0.14497121392789672
2020-05-26,21923.519177274567,0.14524682147979337
2020-05-27,21935.731177274567,0.14627515275983508
2020-05-28,21946.051177274567,0.14714223807283808
2020-05-29,21986.90117727457,0.15055723559930517
2020-06-01,22024.483177274567,0.1536749677453894
2020-06-02,22003.843177274568,0.15196555090181318
2020-06-03,21967.46517727457,0.14893583278612849
2020-06-04,21973.657177274566,0.14945305735459363
2020-06-05,21947.513177274566,0.1472649327456447
2020-06-08,21977.269177274567,0.14975448146361806
2020-06-09,21959.38117727457,0.14825961988457317
2020-06-10,22008.40117727457,0.1523436409486465
2020-06-11,21968.06717727457,0.14898614611261643
2020-06-12,21954.22117727457,0.1478274324925502
2020-06-15,21944.07317727457,0.1469761831880921
2020-06-16,21951.89917727457,0.1476328050407633
2020-06-17,21955.253177274568,0.14791390505525842
2020-06-18,21945.53517727457,0.1470989256404184
2020-06-19,21962.99317727457,0.14856189031791764
2020-06-22,21974.34517727457,0.14951048794662994
2020-06-23,21993.695177274567,0.15112255288386464
2020-06-24,21955.339177274567,0.1479211103100028
2020-06-25,21980.967177274568,0.15006286108425956
2020-06-26,21978.38717727457,0.14984773610914282
2020-06-29,21986.127177274568,0.15049278458464832
2020-06-30,22015.88317727457,0.15296354893740882
2020-07-01,21999.28517727457,0.15158712341664646
2020-07-02,21994.727177274566,0.15120835804120852
2020-07-03,21999.371177274566,0.15159426668395393
2020-07-06,22021.731177274567,0.15344744378098568
2020-07-07,22020.95717727457,0.15338343062271018
2020-07-08,22060.00117727457,0.15660051169923617
2020-07-09,22053.72317727457,0.15608487832608836
2020-07-10,22059.055177274568,0.15652285384356315
2020-07-13,22090.359177274568,0.15908505269327414
2020-07-14,22103.431177274568,0.16015038045851757
2020-07-15,22120.54517727457,0.16154104528280927
2020-07-16,22098.09917727457,0.15971616499643712
2020-07-17,22113.57917727457,0.16097555193805915
2020-07-20,22161.99717727457,0.1648903787489033
2020-07-21,22280.075177274568,0.17428609042275797
2020-07-22,22431.77917727457,0.18605160986988922
2020-07-23,22389.29517727457,0.18279066699091223
2020-07-24,22407.52717727457,0.18419329499435744
2020-07-27,22561.20917727457,0.19582777422165254
2020-07-28,22543.75117727457,0.19452285272118722
2020-07-29,22537.90317727457,0.19408478874073526
2020-07-30,22471.08117727457,0.1890452235914581
2020-07-31,22548.13717727457,0.19485108830867626
2020-08-03,22541.945177274567,0.19438761909106764
2020-08-04,22681.17917727457,0.20468199098454798
2020-08-05,22770.18917727457,0.21112627560658512
2020-08-06,22935.65317727457,0.22283240442421712
2020-08-07,22881.55917727457,0.21904381051274682
2020-08-10,22955.003177274568,0.22417871404537076
2020-08-11,22585.805177274568,0.19765907678208788
2020-08-12,22646.34917727457,0.2021315623164663
2020-08-13,22811.985177274568,0.214116391674998
2020-08-14,22722.63117727457,0.2076961466603338
2020-08-17,22812.50117727457,0.21415316504617365
2020-08-18,22828.75517727457,0.2153097672500585
2020-08-19,22743.70117727457,0.2092194972377735
2020-08-20,22791.00117727457,0.21261801989741827
2020-08-21,22745.765177274567,0.20936840845525284
2020-08-24,22737.59517727457,0.20877863960832974
2020-08-25,22729.769177274567,0.20821287746287315
2020-08-26,22809.233177274567,0.21392020888960722
2020-08-27,22771.049177274566,0.21118802988328517
2020-08-28,22815.59717727457,0.2143737330235295
2020-08-31,22871.75517727457,0.21835320804083722
2020-09-01,22870.72317727457,0.21828044198593766
2020-09-02,22809.663177274568,0.21395086890607593
2020-09-03,22735.789177274568,0.20864815088695268
2020-09-04,22760.90117727457,0.21045871277536993
2020-09-07,22758.235177274568,0.21026688877556515
2020-09-08,22745.593177274568,0.20935600132921056
2020-09-09,22772.339177274567,0.21128064317213122
2020-09-10,22761.07317727457,0.21047108531737158
2020-09-11,22750.409177274567,0.20970325372907242
2020-09-14,22783.17517727457,0.21205773706536324
2020-09-15,22782.573177274568,0.2120146053570628
2020-09-16,22786.70117727457,0.21231027085202142
2020-09-17,22776.03717727457,0.2115460141129582
2020-09-18,22755.56917727457,0.21007497154342514
2020-09-21,22571.615177274565,0.0
2020-09-22,22571.615177274565,0.0
2020-09-23,22570.515177274567,0.023210717667953195
2020-09-24,22551.453106927267,0.045199287921552055
2020-09-25,22557.879106927267,0.04457582485937212
2020-09-28,22540.785106927266,0.0462359630705869
2020-09-29,22528.35965634843,0.02476596333896327
2020-09-30,22538.864656348433,0.02376490618053157
2020-10-01,22533.00165634843,0.02432337007689532
2020-10-02,22533.210656348434,0.02430345188592107
2020-10-05,22526.093656348432,0.024982154926412908
2020-10-06,22541.73565634843,0.02349165903943068
2020-10-07,22532.638656348434,0.024357966670818576
2020-10-08,22532.308656348432,0.02438942014788135
2020-10-09,22517.458656348434,0.0
2020-10-12,22517.458656348434,0.0
2020-10-13,22517.458656348434,0.0
2020-10-14,22517.458656348434,0.0
2020-10-15,22517.458656348434,0.0
2020-10-16,22517.458656348434,0.0
2020-10-19,22517.458656348434,0.0
2020-10-20,22517.458656348434,0.0
2020-10-21,22517.458656348434,0.0
2020-10-22,22517.458656348434,0.0
2020-10-23,22517.458656348434,0.0
2020-10-26,22517.458656348434,0.0
2020-10-27,22517.458656348434,0.0
2020-10-28,22517.458656348434,0.0
2020-10-29,22517.458656348434,0.0
2020-10-30,22517.458656348434,0.0
2020-11-02,22517.458656348434,0.0
2020-11-03,22517.458656348434,0.0
2020-11-04,22517.458656348434,0.0
2020-11-05,22516.15865634843,0.030718309070185686
2020-11-06,22519.369656348434,0.031008254632216084
2020-11-09,22499.72665634843,0.029231818898772362
2020-11-10,22501.37765634843,0.029381379533069657
2020-11-11,22502.19665634843,0.029455553929749807
2020-11-12,22501.988656348432,0.029436717061736582
2020-11-13,22507.045656348433,0.029894481298403858
2020-11-16,22508.475656348433,0.030023847892064612
2020-11-17,22504.666656348432,0.02967918585510247
2020-11-18,22502.71665634843,0.029502642901031297
2020-11-19,22499.32365634843,0.029195304973650384
2020-11-20,22500.506656348432,0.02930248320960863
2020-11-23,22490.51622448357,0.0
2020-11-24,22490.51622448357,0.0
2020-11-25,22490.51622448357,0.0
2020-11-26,22490.51622448357,0.0
2020-11-27,22488.916224483568,0.03390630618272014
2020-11-30,22478.77315491926,0.06774227454971837
2020-12-01,22438.758705645414,0.03604985004858622
2020-12-02,22437.270705645413,0.036194575231573135
2020-12-03,22437.926705645412,0.03613076667314893
2020-12-04,22432.51205423683,0.0
2020-12-07,22432.51205423683,0.0
2020-12-08,22432.51205423683,0.0
2020-12-09,22432.51205423683,0.0
2020-12-10,22432.51205423683,0.0
2020-12-11,22432.51205423683,0.0
2020-12-14,22432.51205423683,0.0
2020-12-15,22432.51205423683,0.0
2020-12-16,22430.912054236833,0.038111393292404865
2020-12-17,22442.325110764417,0.07827604119710155
2020-12-18,22432.981110764416,0.07746718902921518
2020-12-21,22437.65713580542,0.11550364252406616
2020-12-22,22389.38813580542,0.11147757118554313
2020-12-23,22407.624135805418,0.11300291901997743
2020-12-24,22419.84413580542,0.1140221321040584
2020-12-28,22440.38313580542,0.11572992741015159
2020-12-29,22438.268135805418,0.1155543716196008
2020-12-30,22458.713135805418,0.11724849657929103
2020-12-31,22446.82213580542,0.11626396845253291
2021-01-04,22486.389124908917,0.15788927103609904
2021-01-05,22505.48512490892,0.15938930077490518
2021-01-06,22488.68312490892,0.15806975228018394
2021-01-07,22478.515124908918,0.15726919231090372
2021-01-08,22363.065773721446,0.0
2021-01-11,22363.065773721446,0.0
2021-01-12,22363.065773721446,0.0
2021-01-13,22363.065773721446,0.0
2021-01-14,22363.065773721446,0.0
2021-01-15,22363.065773721446,0.0
2021-01-18,22363.065773721446,0.0
2021-01-19,22363.065773721446,0.0
2021-01-20,22363.065773721446,0.0
2021-01-21,22363.065773721446,0.0
2021-01-22,22363.065773721446,0.0
2021-01-25,22363.065773721446,0.0
2021-01-26,22363.065773721446,0.0
2021-01-27,22363.065773721446,0.0
2021-01-28,22363.065773721446,0.0
2021-01-29,22363.065773721446,0.0
2021-02-01,22361.865773721445,0.03285568695312135
2021-02-02,22335.912002830395,0.0
2021-02-03,22335.912002830395,0.0
2021-02-04,22335.912002830395,0.0
2021-02-05,22335.912002830395,0.0
2021-02-08,22335.912002830395,0.0
2021-02-09,22335.912002830395,0.0
2021-02-10,22335.912002830395,0.0
2021-02-11,22335.912002830395,0.0
2021-02-12,22335.912002830395,0.0
2021-02-15,22335.912002830395,0.0
2021-02-16,22335.912002830395,0.0
2021-02-17,22335.912002830395,0.0
2021-02-18,22335.912002830395,0.0
2021-02-19,22335.912002830395,0.0
2021-02-22,22335.912002830395,0.0
2021-02-23,22335.912002830395,0.0
2021-02-24,22335.912002830395,0.0
2021-02-25,22335.912002830395,0.0
2021-02-26,22335.912002830395,0.0
2021-03-01,22335.912002830395,0.0
2021-03-02,22335.912002830395,0.0
2021-03-03,22335.912002830395,0.0
2021-03-04,22334.612002830396,0.031201344694691782
2021-03-05,22336.159002830398,0.031050150066554375
2021-03-08,22337.537002830395,0.030915509829407797
2021-03-09,22327.176002830398,0.031928714613186956
2021-03-10,22323.211002830394,0.032316980063722814
2021-03-11,22324.394002830395,0.03220110635091646
2021-03-12,22327.033002830394,0.031942712552628816
2021-03-15,22322.925002830394,0.032344997393928286
2021-03-16,22326.708002830397,0.03197452746373218
2021-03-17,22322.106002830395,0.03242523725324131
2021-03-18,22325.161002830395,0.03212599333728508
2021-03-19,22322.951002830396,0.03234245030106703
2021-03-22,22329.308002830396,0.03172006308937138
2021-03-23,22338.499002830395,0.03082153654279468
2021-03-24,22337.719002830396,0.03089772978539201
2021-03-25,22331.535100826524,0.06648709046468985
2021-03-26,22331.563100826526,0.06648425903732853
2021-03-29,22342.847100826526,0.06534441639058533
2021-03-30,22360.393393376457,0.09988003478243773
2021-03-31,22343.849393376455,0.10160337882585961
2021-04-01,22319.033393376456,0.10419854455895318
2021-04-05,22322.289393376454,0.10385734739924908
2021-04-06,22310.629393376454,0.10508017766692898
2021-04-07,22310.76139337645,0.10506631914381773
2021-04-08,22294.921393376455,0.0
2021-04-09,22294.921393376455,0.0
2021-04-12,22294.921393376455,0.0
2021-04-13,22294.921393376455,0.0
2021-04-14,22294.921393376455,0.0
2021-04-15,22293.121393376456,0.04423749330063402
2021-04-16,22294.939393376455,0.044402821300745236
2021-04-19,22292.707393376455,0.04419983635284196
2021-04-20,22292.833393376455,0.04421129747716085
2021-04-21,22307.463124460883,0.09328768452613737
2021-04-22,22292.774124460884,0.09202016758469393
2021-04-23,22287.187124460885,0.09153713338694545
2021-04-26,22294.846124460884,0.09219917554795792
2021-04-27,22297.066124460885,0.09239089148562221
2021-04-28,22294.069124460882,0.09213205583376
2021-04-29,22290.73912446088,0.09184428746196248
2021-04-30,22283.191124460885,0.09119133660828473
2021-05-03,22318.865208920623,0.14286280450704414
2021-05-04,22297.529208920623,0.14112316651526408
2021-05-05,22297.305208920625,0.14110486514109288
2021-05-06,22339.07084250697,0.19135239752059868
2021-05-07,22349.65284250697,0.19216237803451067
2021-05-10,22338.108842506972,0.1912786823793548
2021-05-11,22360.752842506972,0.19301026605480123
2021-05-12,22316.57484250697,0.18962507260339637
2021-05-13,22322.56884250697,0.19008603453154183
2021-05-14,22345.21284250697,0.1918227237355814
2021-05-17,22403.15484250697,0.19623287808947312
2021-05-18,22403.08084250697,0.1962272764048163
2021-05-19,22369.85484250697,0.19370420725091916
2021-05-20,22372.740842506973,0.19392398825495144
2021-05-21,22357.86684250697,0.19278998643764236
2021-05-24,22373.554842506972,0.19398595610753533
2021-05-25,22389.31684250697,0.19518400341543116
2021-05-26,22366.450842506973,0.1934448242783059
2021-05-27,22378.29084250697,0.19434630744657985
2021-05-28,22384.062842506974,0.19478505023334736
2021-05-31,22392.94284250697,0.19545910681584994
2021-06-01,22381.54684250697,0.19459386214235092
2021-06-02,22402.78484250697,0.19620486888537236
2021-06-03,22347.876842506972,0.19202655058002707
2021-06-04,22374.738842506973,0.19407607415966147
2021-06-07,22381.32484250697,0.19457698824593803
2021-06-08,22361.78884250697,0.1930893114671224
2021-06-09,22374.29484250697,0.19404228225173667
2021-06-10,22390.79684250697,0.1952963132382022
2021-06-11,22384.65484250697,0.194830022475942
2021-06-14,22379.69684250697,0.1944532247314988
2021-06-15,22364.378842506972,0.19328685726699424
2021-06-16,22305.844842506973,0.0
2021-06-17,22303.94484250697,0.046722948245248
2021-06-18,22305.483842506972,0.04656982631173372
2021-06-21,22302.46284250697,0.04687044134955662
2021-06-22,22306.110842506972,0.04650745614476723
2021-06-23,22304.096842506973,0.046707823097238116
2021-06-24,22302.61484250697,0.046855311938726114
2021-06-25,22300.08784250697,0.04710689520539802
2021-06-28,22299.593842506973,0.04715609102735186
2021-06-29,22306.129842506973,0.04650556625575516
2021-06-30,22299.251842506972,0.04719015238137836
2021-07-01,22301.151842506973,0.04700095067192881
2021-07-02,22292.05084250697,0.0
2021-07-05,22292.05084250697,0.0
2021-07-06,22292.05084250697,0.0
2021-07-07,22292.05084250697,0.0
2021-07-08,22292.05084250697,0.0
2021-07-09,22292.05084250697,0.0
2021-07-12,22292.05084250697,0.0
2021-07-13,22292.05084250697,0.0
2021-07-14,22292.05084250697,0.0
2021-07-15,22292.05084250697,0.0
2021-07-16,22292.05084250697,0.0
2021-07-19,22289.750842506975,0.05508780569030192
2021-07-20,22295.431842506972,0.05451751591147254
2021-07-21,22287.358842506976,0.05532811228167092
2021-07-22,22284.276842506973,0.055637899512482505
2021-07-23,22289.681842506972,0.0550947360782756
2021-07-26,22289.359842506972,0.05512707909267464
2021-07-27,22300.289986327087,0.1079391247242591
2021-07-28,22287.40998632709,0.10929789347802968
2021-07-29,22262.937986327088,0.1118887573333591
2021-07-30,22263.35198632709,0.11184482629578335
2021-08-02,22267.35398632709,0.111420338503695
2021-08-03,22261.649986327087,0.11202545387626123
2021-08-04,22256.230559360614,0.05571224046372156
2021-08-05,22261.405559360617,0.05519074999771588
2021-08-06,22279.19619848571,0.10650792883741947
2021-08-09,22326.411496984027,0.14888754966283968
2021-08-10,22333.084095879844,0.19454575386344147
2021-08-11,22315.132095879842,0.19658225454275902
2021-08-12,22345.756095879842,0.19311239253669588
2021-08-13,22298.060095879842,0.19852537877396695
2021-08-16,22288.116095879843,0.19966010983103896
2021-08-17,22304.132095879842,0.19783354486934024
2021-08-18,22317.420095879843,0.19632231451889104
2021-08-19,22341.620095879844,0.19357984745886372
2021-08-20,22361.06809587984,0.1913849970650451
2021-08-23,22306.684095879842,0.1975430124268853
2021-08-24,22286.092095879845,0.19989133601763132
2021-08-25,22288.556095879845,0.1996098550607041
2021-08-26,22314.340095879845,0.19667226010232017
2021-08-27,22268.316095879843,0.0
2021-08-30,22268.316095879843,0.0
2021-08-31,22268.316095879843,0.0
2021-09-01,22268.316095879843,0.0
2021-09-02,22268.316095879843,0.0
2021-09-03,22266.016095879844,0.0541548267681273
2021-09-06,22265.464095879845,0.0541050093313556
2021-09-07,22257.253095879845,0.05336335487070135
2021-09-08,22248.904095879843,0.05260804216506375
2021-09-09,22250.560095879846,0.05275795206608624
2021-09-10,22243.062095879843,0.0
2021-09-13,22243.062095879843,0.0
2021-09-14,22243.062095879843,0.0
2021-09-15,22243.062095879843,0.0
2021-09-16,22240.762095879843,0.05034586213980813
2021-09-17,22251.775426723972,0.09622365772660846
2021-09-20,22257.08542672397,0.09566780046898377
2021-09-21,22248.490426723973,0.0965678179940972
2021-09-22,22238.95042672397,0.09756852330485008
2021-09-23,22247.410426723975,0.0966810137819691
2021-09-24,22251.730426723974,0.09622837079141974
2021-09-27,22241.51542672397,0.09729928626937263
2021-09-28,22249.300426723974,0.09648293648685584
2021-09-29,22299.739169778382,0.13705638490942948
2021-09-30,22240.992064220998,0.18653002276421224
2021-10-01,22211.512064220995,0.1898848482853759
2021-10-04,22197.784064221,0.19145357800251075
2021-10-05,22202.536064221,0.19091008829366957
2021-10-06,22200.512064220995,0.19114151402053128
2021-10-07,22199.84133021414,0.14522234524987196
2021-10-08,22195.55333021414,0.145694053593706
2021-10-11,22201.114330214143,0.14508238160008702
2021-10-12,22201.382330214143,0.1450529199277871
2021-10-13,22163.28435305381,0.099975259014041
2021-10-14,22140.96435305381,0.0
2021-10-15,22140.96435305381,0.0
2021-10-18,22140.96435305381,0.0
2021-10-19,22138.76435305381,0.05023982893932828
2021-10-20,22155.10617286434,0.10073240325518527
2021-10-21,22148.785172864336,0.10018392536254855
2021-10-22,22148.47980505387,0.15009726826299322
2021-10-25,22164.543805053872,0.15141263678471215
2021-10-26,22138.43180505387,0.1492724328065906
2021-10-27,22140.22380505387,0.14941965450317643
2021-10-28,22132.15980505387,0.14875675528858792
2021-10-29,22121.21580505387,0.1478554519156278
2021-11-01,22130.62380505387,0.1486303716044585
2021-11-02,22094.911805053867,0.0
2021-11-03,22094.911805053867,0.0
2021-11-04,22094.911805053867,0.0
2021-11-05,22094.911805053867,0.0
2021-11-08,22094.911805053867,0.0
2021-11-09,22094.911805053867,0.0
2021-11-10,22094.911805053867,0.0
2021-11-11,22092.71180505387,0.05385148530515357
2021-11-12,22093.74580505387,0.05394638762506243
2021-11-15,22088.68580505387,0.053481790552871854
2021-11-16,22083.449805053868,0.05300055293679863
2021-11-17,22088.79580505387,0.053491895341320025
2021-11-18,22082.83380505387,0.05294390457290689
2021-11-19,22078.65380505387,0.0525593258608731
2021-11-22,22069.017805053867,0.05167157967998394
2021-11-23,22066.350874303236,0.0
2021-11-24,22066.350874303236,0.0
2021-11-25,22066.350874303236,0.0
2021-11-26,22064.15087430324,0.04950012961913227
2021-11-29,22069.232874303238,0.04898151104006738
2021-11-30,22066.261534534256,0.09763612247128087
2021-12-01,22085.287203236996,0.1407756267628687
2021-12-02,22080.997203236995,0.1412509531481443
2021-12-03,22071.377203236996,0.14231827793326896
2021-12-06,22080.867203236994,0.14126536316158325
2021-12-07,22074.237203236997,0.142000756684359
2021-12-08,22078.852203236995,0.14148876491223242
2021-12-09,22108.817203236995,0.13817555904169787
2021-12-10,22085.279932611047,0.18934132256381767
2021-12-13,22071.991932611047,0.1908776385285633
2021-12-14,22105.343932611046,0.18702908387961617
2021-12-15,22093.375932611045,0.18840723074417856
2021-12-16,22059.231932611045,0.1923566490655297
2021-12-17,22068.207932611047,0.19131585880321975
2021-12-20,22077.887932611047,0.19019547234844406
2021-12-21,22056.151932611043,0.1927142021759055
2021-12-22,22026.231932611045,0.0
2021-12-23,22023.731932611045,0.055891074262436904
2021-12-27,22027.631932611046,0.05625055694274705
2021-12-28,22016.71445924459,0.11233772162244168
2021-12-29,22007.514459244594,0.11153884319946784
2021-12-30,22018.81445924459,0.11251987295397192
2021-12-31,22031.81445924459,0.1136458147551943
2022-01-03,22011.31445924459,0.1118689889644265
2022-01-04,22018.46445924459,0.11248951959029378
2022-01-05,22006.414459244592,0.11144322887408172
2022-01-06,21975.643670300506,0.0
2022-01-07,21975.643670300506,0.0
2022-01-10,21975.643670300506,0.0
2022-01-11,21975.643670300506,0.0
2022-01-12,21975.643670300506,0.0
2022-01-13,21975.643670300506,0.0
2022-01-14,21975.643670300506,0.0
2022-01-17,21975.643670300506,0.0
2022-01-18,21973.143670300506,0.05754766091182502
2022-01-19,21995.341427906867,0.1158739631570686
2022-01-20,22013.241705239278,0.1745246826084472
2022-01-21,21998.64170523928,0.1733446903330928
2022-01-24,21978.93170523928,0.17174633915690238
2022-01-25,21964.98870523928,0.1706119158514845
2022-01-26,21942.94270523928,0.16881186536286621
2022-01-27,21896.868409853603,0.0
2022-01-28,21896.868409853603,0.0
2022-01-31,21896.868409853603,0.0
2022-02-01,21896.868409853603,0.0
2022-02-02,21896.868409853603,0.0
2022-02-03,21896.868409853603,0.0
2022-02-04,21896.868409853603,0.0
2022-02-07,21896.868409853603,0.0
2022-02-08,21896.868409853603,0.0
2022-02-09,21896.868409853603,0.0
2022-02-10,21896.868409853603,0.0
2022-02-11,21896.868409853603,0.0
2022-02-14,21896.868409853603,0.0
2022-02-15,21896.868409853603,0.0
2022-02-16,21896.868409853603,0.0
2022-02-17,21896.868409853603,0.0
2022-02-18,21896.868409853603,0.0
2022-02-21,21896.868409853603,0.0
2022-02-22,21894.5684098536,0.05479320492586661
2022-02-23,21903.58739512376,0.11151630082422748
2022-02-24,21871.361085202585,0.16079264939078491
2022-02-25,21872.031085202587,0.16084839152511826
2022-02-28,21887.374085202588,0.16212286305048354
2022-03-01,21947.83019248618,0.21730388562288147
2022-03-02,21937.912192486183,0.21653929405566041
2022-03-03,21929.821192486183,0.21591444102803997
2022-03-04,21974.800192486182,0.21937551136051375
2022-03-07,21971.755192486184,0.21914216746618356
2022-03-08,22033.52519248618,0.22384859119374478
2022-03-09,21980.36819248618,0.2198018368740146
2022-03-10,21992.02619248618,0.2206929494697203
2022-03-11,21986.63219248618,0.22028089680728508
2022-03-14,21916.42319248618,0.21487754352020633
2022-03-15,21899.02319248618,0.0
2022-03-16,21899.02319248618,0.0
2022-03-17,21899.02319248618,0.0
2022-03-18,21899.02319248618,0.0
2022-03-21,21899.02319248618,0.0
2022-03-22,21899.02319248618,0.0
2022-03-23,21899.02319248618,0.0
2022-03-24,21899.02319248618,0.0
2022-03-25,21899.02319248618,0.0
2022-03-28,21899.02319248618,0.0
2022-03-29,21899.02319248618,0.0
2022-03-30,21899.02319248618,0.0
2022-03-31,21899.02319248618,0.0
2022-04-01,21899.02319248618,0.0
2022-04-04,21899.02319248618,0.0
2022-04-05,21899.02319248618,0.0
2022-04-06,21899.02319248618,0.0
2022-04-07,21899.02319248618,0.0
2022-04-08,21899.02319248618,0.0
2022-04-11,21899.02319248618,0.0
2022-04-12,21899.02319248618,0.0
2022-04-13,21899.02319248618,0.0
2022-04-14,21899.02319248618,0.0
2022-04-18,21897.12319248618,0.04858012802615387
2022-04-19,21883.69019248618,0.04731456711837142
2022-04-20,21884.431192486183,0.04738446655658557
2022-04-21,21872.064756180742,0.0
2022-04-22,21872.064756180742,0.0
2022-04-25,21870.16475618074,0.04442019270429147
2022-04-26,21871.627756180744,0.0442687053211946
2022-04-27,21876.05475618074,0.043810575995958244
2022-04-28,21876.39552580992,0.08937128239018358
2022-04-29,21891.80052580992,0.08771082859168558
2022-05-02,21893.860620193453,0.12981845388500252
2022-05-03,21898.210620193455,0.12933248134240774
2022-05-04,21873.154620193454,0.13213742860489813
2022-05-05,21902.212620193455,0.1288857556930097
2022-05-06,21906.055423252954,0.16980949624025315
2022-05-09,21948.867423252956,0.16488202024809645
2022-05-10,21988.599423252956,0.1603460331942367
2022-05-11,21964.883423252955,0.16304930057285616
2022-05-12,22032.874423252957,0.15533283213649077
2022-05-13,22000.38042325296,0.15900784261485704
2022-05-16,21960.725423252956,0.16352454832964974
2022-05-17,21961.41842325296,0.16344531340024573
2022-05-18,21976.510423252956,0.16172242534712733
2022-05-19,21938.549423252956,0.16606577689480212
2022-05-20,21950.869423252956,0.16465261447824614
2022-05-23,21948.020423252958,0.16497910374331293
2022-05-24,21924.073423252958,0.16773063111703873
2022-05-25,21932.235423252954,0.16679135261955536
2022-05-26,21930.156423252956,0.16703045934836785
2022-05-27,21924.766423252957,0.1676508223112724
2022-05-30,21934.006423252955,0.1665877463771597
2022-05-31,21966.57742325296,0.1628557924025275
2022-06-01,21945.171423252956,0.1653057761104126
2022-06-02,21907.980423252957,0.1695870421783788
2022-06-03,21937.70242325296,0.166163057811598
2022-06-06,21925.690423252956,0.16754442753841645
2022-06-07,21914.679423252957,0.16881356111904397
2022-06-08,21928.693423252957,0.16719877839294506
2022-06-09,21956.95242325296,0.16395612790412736
2022-06-10,21939.858423252954,0.16591546557966158
2022-06-13,22001.689423252956,0.15885934527830453
2022-06-14,22005.385423252956,0.15844026401013564
2022-06-15,21956.875423252954,0.16396493898425166
2022-06-16,21935.623423252957,0.16640190707459282
2022-06-17,21957.414423252958,0.16390326422460644
2022-06-20,21963.343423252954,0.16322527298626222
2022-06-21,21955.643423252957,0.16410593441066484
2022-06-22,21976.741423252955,0.16169609425954778
2022-06-23,22013.162423252958,0.1575594363214757
2022-06-24,21997.762423252956,0.15930495148876767
2022-06-27,21997.608423252954,0.15932243322514753
2022-06-28,22022.787423252958,0.1564711560437015
2022-06-29,22028.254423252954,0.1558539235992356
2022-06-30,22064.906423252956,0.15173281285582826
2022-07-01,22097.708423252956,0.14806943147725676
2022-07-04,22091.009423252955,0.14881569189348698
2022-07-05,22145.063423252956,0.14282166651426928
2022-07-06,22147.604423252957,0.14254143497963262
2022-07-07,22145.140423252957,0.14281317262991094
2022-07-08,22138.210423252956,0.14357812823011104
2022-07-11,22154.765423252957,0.14175243045614466
2022-07-12,22168.009423252955,0.14029606403263567
2022-07-13,22147.835423252956,0.14251596620019621
2022-07-14,22206.97142325296,0.13603309902384272
2022-07-15,22186.258423252955,0.1382954026290631
2022-07-18,22185.950423252958,0.13832911082085264
2022-07-19,22182.485423252954,0.13870846558824923
2022-07-20,22188.260423252956,0.13807634803369226
2022-07-21,22172.013423252956,0.13985649833993485
2022-07-22,22193.496423252956,0.13750383441683453
2022-07-25,22206.432423252954,0.13609185541484184
2022-07-26,22191.725423252956,0.13769741425262916
2022-07-27,22155.304423252957,0.14169308711462897
2022-07-28,22080.537423252958,0.0
2022-07-29,22078.337423252953,0.04347092495155003
2022-08-01,22078.403423252956,0.04347705813464952
2022-08-02,22070.285423252957,0.04272208602995681
2022-08-03,22071.935423252955,0.04287563212813531
2022-08-04,22074.443423252953,0.04310892788301389
2022-08-05,22068.195423252953,0.04252752356846404
2022-08-08,22085.245423252956,0.04411243836747549
2022-08-09,22082.099423252956,0.043820390906446315
2022-08-10,22077.11153820015,0.08996900156659643
2022-08-11,22064.46653820015,0.08884954497053373
2022-08-12,22087.596538200152,0.09089515030380975
2022-08-15,22062.12653820015,0.08864208368353922
2022-08-16,22056.95153820015,0.08818293939971054
2022-08-17,22041.20153820015,0.08678269272759123
2022-08-18,22030.27172977881,0.0
2022-08-19,22027.97172977881,0.04274451416452646
2022-08-22,22029.466729778807,0.04259234292550301
2022-08-23,22026.522729778808,0.042892045608652445
2022-08-24,22026.177729778807,0.042927178296304665
2022-08-25,22023.67072977881,0.04318254694062319
2022-08-26,22031.559729778808,0.042379377790693167
2022-08-29,22029.412056738947,0.08605059352779974
2022-08-30,22045.29805673895,0.08436905252792005
2022-08-31,22071.050853780616,0.1240189541815137
2022-09-01,22083.105147399732,0.16411377810415576
2022-09-02,22059.925147399736,0.16674000964410546
2022-09-05,22049.570147399732,0.16791703616446815
2022-09-06,22064.010147399735,0.16627633038034045
2022-09-07,22020.120147399735,0.17127756152210405
2022-09-08,22013.375147399733,0.17204995386609692
2022-09-09,21981.901844653818,0.13105654630859825
2022-09-12,21924.29051276312,0.0
2022-09-13,21924.29051276312,0.0
2022-09-14,21924.29051276312,0.0
2022-09-15,21924.29051276312,0.0
2022-09-16,21924.29051276312,0.0
2022-09-19,21924.29051276312,0.0
2022-09-20,21924.29051276312,0.0
2022-09-21,21924.29051276312,0.0
2022-09-22,21924.29051276312,0.0
2022-09-23,21924.29051276312,0.0
2022-09-26,21924.29051276312,0.0
2022-09-27,21924.29051276312,0.0
2022-09-28,21924.29051276312,0.0
2022-09-29,21924.29051276312,0.0
2022-09-30,21924.29051276312,0.0
2022-10-03,21922.39051276312,0.038770982013733954
2022-10-04,21925.433920013675,0.07891272387225576
2022-10-05,21909.169920013675,0.07743303099444561
2022-10-06,21909.625920013677,0.07747458248600984
2022-10-07,21890.169920013675,0.0756983854401939
2022-10-10,21874.297932097932,0.03690122574112315
2022-10-11,21869.547162976683,0.0
2022-10-12,21869.547162976683,0.0
2022-10-13,21869.547162976683,0.0
2022-10-14,21869.547162976683,0.0
2022-10-17,21869.547162976683,0.0
2022-10-18,21869.547162976683,0.0
2022-10-19,21869.547162976683,0.0
2022-10-20,21869.547162976683,0.0
2022-10-21,21869.547162976683,0.0
2022-10-24,21869.547162976683,0.0
2022-10-25,21869.547162976683,0.0
2022-10-26,21869.547162976683,0.0
2022-10-27,21869.547162976683,0.0
2022-10-28,21869.547162976683,0.0
2022-10-31,21869.547162976683,0.0
2022-11-01,21869.547162976683,0.0
2022-11-02,21869.547162976683,0.0
2022-11-03,21869.547162976683,0.0
2022-11-04,21867.847162976683,0.03510509829964531
2022-11-07,21867.184162976682,0.03504164681528332
2022-11-08,21874.138280442305,0.07188173785434814
2022-11-09,21864.924280442305,0.07103334475137808
2022-11-10,21885.460280442305,0.07292210869328418
2022-11-11,21880.760273401265,0.10957048069362708
2022-11-12,21880.760273401265,0.10957048069362708
2022-11-14,21895.193273401266,0.11084163878774289
2022-11-15,21874.181273401264,0.1089898414558529
2022-11-16,21868.418273401265,0.10848059693571878
2022-11-17,21842.408273401266,0.10617497576757927
2022-11-18,21841.031273401266,0.10605258103886914
2022-11-21,21837.461273401266,0.10573510521199664
2022-11-22,21848.783273401266,0.1067411815501462
2022-11-23,21871.529273401266,0.1087555711238607
2022-11-24,21869.48927340127,0.10857527933045263
2022-11-25,21867.602273401266,0.10840844446711226
2022-11-28,21839.552273401267,0.10592108269215421
2022-11-29,21858.116273401265,0.10756881418264969
2022-11-30,21905.444273401266,0.1117422734010639
2022-12-01,21938.2190253187,0.15675131681473123
2022-12-02,21966.009025318697,0.1590530566841991
2022-12-05,21902.939025318698,0.15381099373825066
2022-12-06,21899.7890253187,0.15354746743682204
2022-12-07,21936.959025318698,0.15664665718038537
2022-12-08,21961.3190253187,0.15866548363370966
2022-12-09,21988.9690253187,0.16094528782915674
2022-12-12,21977.209025318698,0.15997716129790318
2022-12-13,22007.099025318697,0.1624334519649455
2022-12-14,22021.099025318697,0.1635790063434917
2022-12-15,21959.709025318698,0.15853235378743746
2022-12-16,21970.1390253187,0.15939405680261065
2022-12-19,21953.8990253187,0.15805157813313236
2022-12-20,22036.4990253187,0.16483550230113084
2022-12-21,22023.619025318698,0.16378487342634265
2022-12-22,21995.619025318698,0.16149175325502743
2022-12-23,22006.6090253187,0.16239330072409958
2022-12-27,22028.869025318698,0.16421343786622364
2022-12-28,21993.309025318697,0.16130200912627368
2022-12-29,22018.089025318695,0.16333297666566363
2022-12-30,22019.979025318695,0.0
