date,open,high,low,close,atr,long_entry_level,short_entry_level,long_exit_level,short_exit_level,warmup_ready,long_entry_signal,short_entry_signal,entry_signal,audit_action,rejection_reason,raw_lots,capped_lots,stepped_lots,min_lot,max_lots_by_leverage,max_by_position,open_risk_at_min_lot,max_open_risk_dollars,direction
2023-01-25,1937.09,1948.07,1919.8,1946.43,,1942.73,1824.86,1892.23,1942.73,False,True,False,True,rejected,ATR unavailable during warmup,,,,0.01,,,,100.0,long
2023-02-01,1928.62,1954.57,1920.58,1950.15,25.529656250000002,1949.57,1866.83,1900.64,1949.57,True,True,False,True,rejected,volatility-adjusted position size floors below 0.01 minimum lot,0.004896266474406602,0.004896266474406602,0.0,0.01,0.25639053406148243,10.0,51.05931250000003,100.0,long
2023-02-03,1911.79,1918.52,1861.38,1865.83,28.196989765625,1959.68,1892.23,1900.64,1959.68,True,False,True,True,rejected,volatility-adjusted position size floors below 0.01 minimum lot,0.004433097328438503,0.004433097328438503,0.0,0.01,0.2679772540906728,10.0,56.3939795312499,100.0,short
2023-02-15,1854.07,1860.06,1830.5,1836.12,26.455776660345066,1959.68,1843.12,1843.12,1918.52,True,False,True,True,rejected,volatility-adjusted position size floors below 0.01 minimum lot,0.00472486601337863,0.00472486601337863,0.0,0.01,0.27231335642550597,10.0,52.91155332069002,100.0,short
2023-02-24,1822.33,1827.77,1808.87,1811.06,23.82821381156894,1918.52,1817.39,1817.39,1870.17,True,False,True,True,rejected,volatility-adjusted position size floors below 0.01 minimum lot,0.0052458820870287266,0.0052458820870287266,0.0,0.01,0.27608141088644217,10.0,47.656427623137915,100.0,short
2023-03-10,1831.35,1870.12,1827.43,1867.27,23.598142578825115,1858.39,1804.66,1804.66,1858.39,True,True,False,True,rejected,volatility-adjusted position size floors below 0.01 minimum lot,0.005297027068230529,0.005297027068230529,0.0,0.01,0.2677705955753587,10.0,47.19628515765021,100.0,long
2023-03-13,1873.55,1914.57,1871.5,1913.89,24.783235449883858,1870.12,1804.66,1809.32,1870.12,True,True,False,True,rejected,volatility-adjusted position size floors below 0.01 minimum lot,0.005043732092719386,0.005043732092719386,0.0,0.01,0.26124803410854336,10.0,49.56647089976764,100.0,long
2023-03-15,1903.63,1937.25,1885.67,1918.14,25.841244993520185,1914.57,1804.66,1809.32,1914.57,True,True,False,True,rejected,volatility-adjusted position size floors below 0.01 minimum lot,0.004837228238474746,0.004837228238474746,0.0,0.01,0.26066918994442534,10.0,51.682489987040306,100.0,long
2023-03-17,1920.47,1987.84,1918.2,1986.0,28.03539860665196,1937.25,1804.66,1809.32,1937.25,True,True,False,True,rejected,volatility-adjusted position size floors below 0.01 minimum lot,0.00445864893001169,0.00445864893001169,0.0,0.01,0.25176233635448136,10.0,56.07079721330388,100.0,long
2023-04-04,1984.15,2024.94,1976.76,2020.46,31.035003201163043,2009.74,1885.67,1943.89,2003.35,True,True,False,True,rejected,volatility-adjusted position size floors below 0.01 minimum lot,0.004027710233821261,0.004027710233821261,0.0,0.01,0.24746839828553893,10.0,62.07000640232605,100.0,long
2023-04-13,2013.36,2048.62,2013.36,2040.63,29.523661084320885,2032.08,1934.24,1949.73,2032.08,True,True,False,True,rejected,volatility-adjusted position size floors below 0.01 minimum lot,0.004233892254859398,0.004233892254859398,0.0,0.01,0.24502237054243053,10.0,59.04732216864181,100.0,long
2023-05-04,2041.92,2079.08,2030.31,2050.41,30.687385649890626,2048.62,1969.14,1974.05,2039.46,True,True,False,True,rejected,volatility-adjusted position size floors below 0.01 minimum lot,0.00407333493397296,0.00407333493397296,0.0,0.01,0.2438536682907321,10.0,61.37477129978129,100.0,long
2023-05-18,1980.94,1986.03,1951.88,1957.29,28.94324919404018,2079.08,1974.07,1974.98,2048.21,True,False,True,True,rejected,volatility-adjusted position size floors below 0.01 minimum lot,0.004318796385367101,0.004318796385367101,0.0,0.01,0.25545524679531395,10.0,57.886498388080334,100.0,short
2023-05-25,1957.43,1964.82,1938.77,1940.54,27.930424230035534,2079.08,1951.88,1951.88,2022.15,True,False,True,True,rejected,volatility-adjusted position size floors below 0.01 minimum lot,0.0044754064231354845,0.0044754064231354845,0.0,0.01,0.2576602389025735,10.0,55.86084846007111,100.0,short
2023-06-22,1931.59,1934.93,1912.35,1913.2,24.762240033812965,1983.4,1919.08,1919.08,1971.07,True,False,True,True,rejected,volatility-adjusted position size floors below 0.01 minimum lot,0.005048008573913825,0.005048008573913825,0.0,0.01,0.2613422538155969,10.0,49.52448006762597,100.0,short
2023-06-28,1913.2,1917.19,1902.78,1906.77,23.529060021540882,1972.96,1910.08,1910.08,1967.84,True,False,True,True,rejected,volatility-adjusted position size floors below 0.01 minimum lot,0.005312579418198703,0.005312579418198703,0.0,0.01,0.26222355082154636,10.0,47.05812004308177,100.0,short
2023-07-12,1932.01,1959.43,1931.92,1957.39,22.219377900605508,1939.47,1892.94,1900.5,1938.17,True,True,False,True,rejected,volatility-adjusted position size floors below 0.01 minimum lot,0.0056257200610730675,0.0056257200610730675,0.0,0.01,0.25544219598547047,10.0,44.43875580121107,100.0,long
2023-07-13,1956.99,1963.4,1952.11,1960.12,21.672909005575242,1959.43,1892.94,1902.59,1959.43,True,True,False,True,rejected,volatility-adjusted position size floors below 0.01 minimum lot,0.005767569086726863,0.005767569086726863,0.0,0.01,0.2550864232802073,10.0,43.34581801115041,100.0,long
2023-07-18,1954.49,1984.1,1954.36,1978.75,21.31929535865506,1963.55,1892.94,1902.59,1963.55,True,True,False,True,rejected,volatility-adjusted position size floors below 0.01 minimum lot,0.005863233183701512,0.005863233183701512,0.0,0.01,0.2526847757422615,10.0,42.63859071731008,100.0,long
2023-08-08,1936.39,1938.01,1922.62,1924.68,19.982964130923044,1987.2,1925.6,1925.6,1981.85,True,False,True,True,rejected,volatility-adjusted position size floors below 0.01 minimum lot,0.00625532824765302,0.00625532824765302,0.0,0.01,0.2597834445206476,10.0,39.9659282618461,100.0,short
2023-08-09,1924.98,1932.24,1913.87,1914.42,19.9023159243769,1987.2,1922.62,1922.62,1972.09,True,False,True,True,rejected,volatility-adjusted position size floors below 0.01 minimum lot,0.006280676101965429,0.006280676101965429,0.0,0.01,0.26117570856969735,10.0,39.80463184875384,100.0,short
2023-08-10,1914.66,1930.02,1911.8,1912.27,19.818200128158058,1987.2,1913.87,1913.87,1972.09,True,False,True,True,rejected,volatility-adjusted position size floors below 0.01 minimum lot,0.006307333622209099,0.006307333622209099,0.0,0.01,0.2614693531771141,10.0,39.636400256316165,100.0,short
2023-08-14,1911.21,1916.17,1902.68,1907.15,19.05632561566265,1981.85,1910.31,1910.31,1954.5,True,False,True,True,rejected,volatility-adjusted position size floors below 0.01 minimum lot,0.00655950168574265,0.00655950168574265,0.0,0.01,0.26217130272920325,10.0,38.112651231325344,100.0,short
2023-08-15,1907.17,1911.52,1895.96,1901.64,18.881509334879517,1981.85,1902.68,1902.68,1946.67,True,False,True,True,rejected,volatility-adjusted position size floors below 0.01 minimum lot,0.006620233466669396,0.006620233466669396,0.0,0.01,0.26293094381691595,10.0,37.76301866975905,100.0,short
2023-08-16,1901.54,1907.13,1891.75,1892.39,18.706433868135548,1981.85,1895.96,1895.96,1946.67,True,False,True,True,rejected,volatility-adjusted position size floors below 0.01 minimum lot,0.006682192922560426,0.006682192922560426,0.0,0.01,0.2642161499479494,10.0,37.41286773627121,100.0,short
2023-08-17,1891.65,1903.34,1884.9,1888.95,18.69311217472876,1981.85,1891.75,1891.75,1946.56,True,False,True,True,rejected,volatility-adjusted position size floors below 0.01 minimum lot,0.006686955004153222,0.006686955004153222,0.0,0.01,0.2646973186161624,10.0,37.38622434945751,100.0,short
2023-08-30,1937.11,1948.95,1934.95,1942.39,18.281142583558218,1938.15,1876.22,1876.22,1938.15,True,True,False,True,rejected,volatility-adjusted position size floors below 0.01 minimum lot,0.006837647014056064,0.006837647014056064,0.0,0.01,0.2574148343020712,10.0,36.56228516711644,100.0,long
2023-09-26,1916.13,1916.7,1899.04,1900.31,15.37079732850658,1947.34,1900.94,1900.94,1947.34,True,False,True,True,rejected,volatility-adjusted position size floors below 0.01 minimum lot,0.008132304221341584,0.008132304221341584,0.0,0.01,0.26311496545300506,10.0,30.741594657013138,100.0,short
2023-09-27,1900.72,1903.93,1872.49,1875.09,16.174257462081254,1947.34,1899.04,1899.04,1947.34,True,False,True,True,rejected,volatility-adjusted position size floors below 0.01 minimum lot,0.007728330051197007,0.007728330051197007,0.0,0.01,0.2666538672810372,10.0,32.3485149241626,100.0,short
2023-09-28,1876.52,1879.51,1857.61,1865.33,16.460544588977196,1947.34,1872.49,1872.49,1947.34,True,False,True,True,rejected,volatility-adjusted position size floors below 0.01 minimum lot,0.0075939164299403715,0.0075939164299403715,0.0,0.01,0.26804908514847237,10.0,32.9210891779544,100.0,short
2023-09-29,1865.01,1879.82,1846.28,1848.96,17.314517359528335,1947.34,1857.61,1857.61,1947.34,True,False,True,True,rejected,volatility-adjusted position size floors below 0.01 minimum lot,0.007219375360250015,0.007219375360250015,0.0,0.01,0.2704222914503288,10.0,34.62903471905656,100.0,short
2023-10-02,1847.35,1848.85,1827.11,1828.06,17.541291491551924,1947.34,1846.28,1846.28,1947.34,True,False,True,True,rejected,volatility-adjusted position size floors below 0.01 minimum lot,0.007126043145694338,0.007126043145694338,0.0,0.01,0.2735139984464405,10.0,35.08258298310375,100.0,short
2023-10-03,1829.05,1833.33,1815.2,1823.23,17.570726916974323,1947.34,1827.11,1827.11,1931.44,True,False,True,True,rejected,volatility-adjusted position size floors below 0.01 minimum lot,0.0071141052154901395,0.0071141052154901395,0.0,0.01,0.27423857659209205,10.0,35.14145383394862,100.0,short
2023-10-13,1869.18,1930.74,1869.17,1930.09,20.263125302596066,1929.08,1810.41,1810.41,1884.93,True,True,False,True,rejected,volatility-adjusted position size floors below 0.01 minimum lot,0.006168841091062359,0.006168841091062359,0.0,0.01,0.25905527721505217,10.0,40.52625060519222,100.0,long
2023-10-18,1923.38,1962.59,1923.34,1947.79,21.257918306313304,1931.56,1810.41,1810.41,1931.56,True,True,False,True,rejected,volatility-adjusted position size floors below 0.01 minimum lot,0.005880161838935883,0.005880161838935883,0.0,0.01,0.2567011844192649,10.0,42.51583661262657,100.0,long
2023-10-19,1947.48,1977.67,1945.17,1974.19,21.82002239099764,1962.59,1810.41,1844.16,1962.59,True,True,False,True,rejected,volatility-adjusted position size floors below 0.01 minimum lot,0.005728683397298972,0.005728683397298972,0.0,0.01,0.2532684290772418,10.0,43.64004478199536,100.0,long
2023-10-20,1973.08,1997.15,1971.99,1980.26,21.987021271447762,1977.67,1810.41,1852.93,1977.67,True,True,False,True,rejected,volatility-adjusted position size floors below 0.01 minimum lot,0.0056851721047964055,0.0056851721047964055,0.0,0.01,0.25249209699736397,10.0,43.97404254289563,100.0,long
2023-10-27,1983.75,2009.3,1976.79,2005.53,22.6789343166283,1997.15,1810.41,1912.33,1997.15,True,True,False,True,rejected,volatility-adjusted position size floors below 0.01 minimum lot,0.005511722828543553,0.005511722828543553,0.0,0.01,0.24931065603606029,10.0,45.35786863325666,100.0,long
2023-11-10,1958.15,1960.72,1932.98,1937.68,22.074061848876184,2009.3,1944.68,1944.68,2007.86,True,False,True,True,rejected,volatility-adjusted position size floors below 0.01 minimum lot,0.005662754814033643,0.005662754814033643,0.0,0.01,0.258040543330168,10.0,44.14812369775245,100.0,short
2023-11-27,2001.17,2017.92,2000.37,2014.04,24.99671698129415,2007.51,1918.92,1955.36,2007.51,True,True,False,True,rejected,volatility-adjusted position size floors below 0.01 minimum lot,0.005000656689978189,0.005000656689978189,0.0,0.01,0.24825723421580506,10.0,49.99343396258837,100.0,long
2023-11-28,2012.96,2042.97,2011.64,2041.11,25.313381132229438,2017.92,1918.92,1956.4,2017.92,True,True,False,True,rejected,volatility-adjusted position size floors below 0.01 minimum lot,0.004938099708886689,0.004938099708886689,0.0,0.01,0.2449647495725365,10.0,50.62676226445888,100.0,long
2023-11-29,2040.93,2051.97,2035.28,2044.01,24.882212075617957,2042.97,1918.92,1965.4,2042.97,True,True,False,True,rejected,volatility-adjusted position size floors below 0.01 minimum lot,0.005023669102253465,0.005023669102253465,0.0,0.01,0.24461719854599537,10.0,49.76442415123597,100.0,long
2023-12-01,2037.5,2075.31,2033.85,2071.22,25.2868213982452,2051.97,1918.92,1968.23,2051.97,True,True,False,True,rejected,volatility-adjusted position size floors below 0.01 minimum lot,0.004943286387456927,0.004943286387456927,0.0,0.01,0.24140361719180004,10.0,50.5736427964905,100.0,long
2023-12-27,2067.63,2084.37,2061.41,2077.16,27.154591659502252,2070.54,1972.98,2015.53,2070.54,True,True,False,True,rejected,volatility-adjusted position size floors below 0.01 minimum lot,0.00460327305110694,0.00460327305110694,0.0,0.01,0.24071328159602534,10.0,54.30918331900444,100.0,long
2024-01-17,2027.59,2032.9,2001.74,2006.25,27.68136777611837,2088.39,2013.2,2013.2,2063.88,True,False,True,True,rejected,volatility-adjusted position size floors below 0.01 minimum lot,0.004515672816855589,0.004515672816855589,0.0,0.01,0.24922118380062305,10.0,55.3627355522367,100.0,short
2024-02-13,2019.65,2029.81,1990.03,1992.84,24.037934434961137,2065.36,2009.24,2011.78,2065.36,True,False,True,True,rejected,volatility-adjusted position size floors below 0.01 minimum lot,0.005200114025529502,0.005200114025529502,0.0,0.01,0.2508982156118906,10.0,48.07586886992226,100.0,short
2024-02-29,2035.22,2050.72,2028.04,2043.82,20.79368965223519,2041.3,1984.19,2001.3,2041.3,True,True,False,True,rejected,volatility-adjusted position size floors below 0.01 minimum lot,0.0060114391476725395,0.0060114391476725395,0.0,0.01,0.24463993893787125,10.0,41.58737930447046,100.0,long
2024-03-01,2043.32,2088.25,2038.97,2083.41,22.21800516962343,2050.72,1984.19,2014.92,2050.72,True,True,False,True,rejected,volatility-adjusted position size floors below 0.01 minimum lot,0.005626067644043068,0.005626067644043068,0.0,0.01,0.23999116832500564,10.0,44.43601033924688,100.0,long
2024-03-04,2082.83,2119.84,2079.4,2114.9,23.129104911142264,2088.25,1984.19,2015.98,2088.25,True,True,False,True,rejected,volatility-adjusted position size floors below 0.01 minimum lot,0.005404446063962564,0.005404446063962564,0.0,0.01,0.2364177975317982,10.0,46.2582098222847,100.0,long
2024-03-05,2114.02,2141.74,2110.39,2127.69,23.540149665585147,2119.84,1984.19,2015.98,2119.84,True,True,False,True,rejected,volatility-adjusted position size floors below 0.01 minimum lot,0.005310076689221118,0.005310076689221118,0.0,0.01,0.23499663954805447,10.0,47.08029933117041,100.0,long
2024-03-06,2127.43,2152.14,2123.63,2148.38,23.78864218230588,2141.74,1984.19,2015.98,2141.74,True,True,False,True,rejected,volatility-adjusted position size floors below 0.01 minimum lot,0.00525460844053452,0.00525460844053452,0.0,0.01,0.2327335015220771,10.0,47.57728436461184,100.0,long
2024-03-07,2147.66,2164.6,2144.09,2159.54,23.624710073190574,2152.14,1990.09,2024.42,2152.14,True,True,False,True,rejected,volatility-adjusted position size floors below 0.01 minimum lot,0.00529107022320035,0.00529107022320035,0.0,0.01,0.23153078896431648,10.0,47.249420146381,100.0,long
2024-03-08,2158.92,2195.1,2153.92,2178.71,24.50247456953104,2164.6,1995.02,2024.42,2164.6,True,True,False,True,rejected,volatility-adjusted position size floors below 0.01 minimum lot,0.005101525547768069,0.005101525547768069,0.0,0.01,0.22949359942351208,10.0,49.004949139061864,100.0,long
2024-03-28,2191.97,2236.14,2187.32,2232.68,26.952756001636555,2222.76,2144.09,2146.01,2222.76,True,True,False,True,rejected,volatility-adjusted position size floors below 0.01 minimum lot,0.004637744651879388,0.004637744651879388,0.0,0.01,0.22394610960818392,10.0,53.905512003273095,100.0,long
2024-04-01,2239.33,2265.62,2228.46,2249.64,27.46311820155472,2236.14,2146.01,2147.09,2236.14,True,True,False,True,rejected,volatility-adjusted position size floors below 0.01 minimum lot,0.004551558897376904,0.004551558897376904,0.0,0.01,0.22225778346757705,10.0,54.92623640310968,100.0,long
2024-04-02,2249.73,2281.0,2246.65,2280.09,27.80746229147698,2265.62,2146.01,2149.55,2265.62,True,True,False,True,rejected,volatility-adjusted position size floors below 0.01 minimum lot,0.004495196242280355,0.004495196242280355,0.0,0.01,0.21928958944603064,10.0,55.6149245829538,100.0,long
2024-04-03,2281.41,2300.14,2265.47,2300.05,28.150589176903132,2281.0,2146.01,2157.1,2281.0,True,True,False,True,rejected,volatility-adjusted position size floors below 0.01 minimum lot,0.004440404398447171,0.004440404398447171,0.0,0.01,0.21738657855264013,10.0,56.301178353806336,100.0,long
2024-04-05,2291.73,2330.41,2267.7,2328.4,29.768806732155088,2305.51,2146.01,2163.54,2305.51,True,True,False,True,rejected,volatility-adjusted position size floors below 0.01 minimum lot,0.0041990262197839434,0.0041990262197839434,0.0,0.01,0.21473973544064592,10.0,59.537613464310205,100.0,long
2024-04-08,2327.75,2353.83,2302.82,2338.51,30.83086639554732,2330.41,2146.01,2167.55,2330.41,True,True,False,True,rejected,volatility-adjusted position size floors below 0.01 minimum lot,0.004054378439979645,0.004054378439979645,0.0,0.01,0.2138113585146097,10.0,61.66173279109444,100.0,long
2024-04-11,2334.3,2377.61,2325.67,2374.71,32.228599075882386,2365.25,2149.55,2228.46,2365.25,True,True,False,True,rejected,volatility-adjusted position size floors below 0.01 minimum lot,0.0038785427720791376,0.0038785427720791376,0.0,0.01,0.21055202529993136,10.0,64.45719815176471,100.0,long
2024-04-30,2335.98,2336.27,2285.08,2285.83,37.771053784744616,2431.41,2291.37,2291.37,2417.79,True,False,True,True,rejected,volatility-adjusted position size floors below 0.01 minimum lot,0.0033094125653038136,0.0033094125653038136,0.0,0.01,0.21873892634185393,10.0,75.54210756948942,100.0,short
2024-05-15,2357.18,2390.21,2351.83,2387.27,36.05945117490495,2378.36,2277.29,2277.29,2378.36,True,True,False,True,rejected,volatility-adjusted position size floors below 0.01 minimum lot,0.0034664975735124864,0.0034664975735124864,0.0,0.01,0.20944426059892682,10.0,72.11890234981001,100.0,long
2024-05-17,2378.02,2422.67,2373.91,2414.39,36.23280468535171,2397.24,2277.29,2303.61,2397.24,True,True,False,True,rejected,volatility-adjusted position size floors below 0.01 minimum lot,0.0034499123400881884,0.0034499123400881884,0.0,0.01,0.20709164633717006,10.0,72.46560937070353,100.0,long
2024-05-20,2425.17,2449.99,2407.31,2425.06,36.55516445108411,2422.67,2277.29,2303.61,2422.67,True,True,False,True,rejected,volatility-adjusted position size floors below 0.01 minimum lot,0.003419489472336183,0.003419489472336183,0.0,0.01,0.2061804656379636,10.0,73.11032890216802,100.0,long
2024-06-07,2376.32,2387.63,2286.71,2292.93,38.21914789532726,2449.99,2314.71,2314.71,2378.47,True,False,True,True,rejected,volatility-adjusted position size floors below 0.01 minimum lot,0.003270611902241879,0.003270611902241879,0.0,0.01,0.21806160676514333,10.0,76.43829579065459,100.0,short
2024-07-05,2356.79,2392.82,2350.9,2390.92,31.270533911182135,2368.65,2293.57,2293.57,2364.88,True,True,False,True,rejected,volatility-adjusted position size floors below 0.01 minimum lot,0.003997373385278236,0.003997373385278236,0.0,0.01,0.20912452110484667,10.0,62.54106782236432,100.0,long
2024-07-11,2371.82,2424.48,2371.1,2414.21,31.973295186494795,2392.82,2293.57,2318.45,2392.82,True,True,False,True,rejected,volatility-adjusted position size floors below 0.01 minimum lot,0.003909512587642164,0.003909512587642164,0.0,0.01,0.2071070867902958,10.0,63.94659037298971,100.0,long
2024-07-16,2421.94,2469.59,2419.97,2468.77,32.92640896052096,2439.62,2293.57,2349.36,2439.62,True,True,False,True,rejected,volatility-adjusted position size floors below 0.01 minimum lot,0.003796344756267714,0.003796344756267714,0.0,0.01,0.2025300048202141,10.0,65.85281792104206,100.0,long
2024-08-16,2455.82,2509.67,2450.66,2506.95,38.74734629540835,2479.74,2355.74,2378.98,2479.74,True,True,False,True,rejected,volatility-adjusted position size floors below 0.01 minimum lot,0.0032260273786752927,0.0032260273786752927,0.0,0.01,0.19944554139492213,10.0,77.49469259081661,100.0,long
2024-08-20,2503.65,2531.58,2497.27,2514.04,37.72333003160601,2509.67,2364.27,2380.94,2509.67,True,True,False,True,rejected,volatility-adjusted position size floors below 0.01 minimum lot,0.0033135993003605554,0.0033135993003605554,0.0,0.01,0.19888307266391944,10.0,75.44666006321222,100.0,long
2024-09-12,2512.26,2560.0,2510.96,2558.98,33.29831319411355,2529.08,2470.7,2471.8,2529.08,True,True,False,True,rejected,volatility-adjusted position size floors below 0.01 minimum lot,0.0037539439091496506,0.0037539439091496506,0.0,0.01,0.19539035084291398,10.0,66.59662638822692,100.0,long
2024-09-13,2558.27,2585.97,2556.59,2579.22,33.10239753440785,2560.0,2471.8,2471.8,2560.0,True,True,False,True,rejected,volatility-adjusted position size floors below 0.01 minimum lot,0.0037761615263689104,0.0037761615263689104,0.0,0.01,0.19385705756003754,10.0,66.20479506881566,100.0,long
2024-09-20,2586.36,2625.7,2584.74,2621.88,33.85559931954679,2600.09,2471.8,2500.07,2600.09,True,True,False,True,rejected,volatility-adjusted position size floors below 0.01 minimum lot,0.0036921514465062294,0.0036921514465062294,0.0,0.01,0.19070285444032525,10.0,67.71119863909371,100.0,long
2024-09-23,2620.98,2634.81,2613.81,2628.34,33.21281935356945,2625.7,2471.8,2500.81,2625.7,True,True,False,True,rejected,volatility-adjusted position size floors below 0.01 minimum lot,0.0037636070177994685,0.0037636070177994685,0.0,0.01,0.19023414017973322,10.0,66.42563870713911,100.0,long
2024-09-24,2626.95,2664.25,2622.56,2656.9,33.63667838589098,2634.81,2471.8,2510.96,2634.81,True,True,False,True,rejected,volatility-adjusted position size floors below 0.01 minimum lot,0.003716181442351682,0.003716181442351682,0.0,0.01,0.18818924310286425,10.0,67.27335677178189,100.0,long
2024-09-26,2658.01,2685.51,2654.77,2671.96,32.886377243266615,2670.48,2485.07,2546.74,2670.48,True,True,False,True,rejected,volatility-adjusted position size floors below 0.01 minimum lot,0.003800965946335526,0.003800965946335526,0.0,0.01,0.18712854982859026,10.0,65.77275448653336,100.0,long
2024-10-17,2674.49,2696.67,2673.08,2692.63,31.18402696083218,2685.51,2602.4,2602.4,2685.31,True,True,False,True,rejected,volatility-adjusted position size floors below 0.01 minimum lot,0.00400846241433163,0.00400846241433163,0.0,0.01,0.18569205572247208,10.0,62.36805392166435,100.0,long
2024-10-18,2692.94,2722.42,2692.23,2722.03,31.134325612790576,2696.67,2602.4,2602.4,2696.67,True,True,False,True,rejected,volatility-adjusted position size floors below 0.01 minimum lot,0.004014861331977835,0.004014861331977835,0.0,0.01,0.18368643989963374,10.0,62.26865122558093,100.0,long
2024-10-22,2719.24,2748.79,2719.05,2748.42,30.840203865543476,2740.52,2602.4,2602.4,2740.52,True,True,False,True,rejected,volatility-adjusted position size floors below 0.01 minimum lot,0.004053150898255167,0.004053150898255167,0.0,0.01,0.18192270468123503,10.0,61.68040773108715,100.0,long
2024-10-29,2741.25,2774.69,2739.79,2773.91,31.221300203521356,2758.38,2602.4,2673.08,2758.38,True,True,False,True,rejected,volatility-adjusted position size floors below 0.01 minimum lot,0.0040036769508369685,0.0040036769508369685,0.0,0.01,0.18025098146659407,10.0,62.442600407042846,100.0,long
2024-10-30,2773.29,2789.9,2770.83,2786.55,30.6137351933453,2774.69,2602.4,2692.23,2774.69,True,True,False,True,rejected,volatility-adjusted position size floors below 0.01 minimum lot,0.0040831345541648256,0.0040831345541648256,0.0,0.01,0.17943334948233478,10.0,61.227470386690584,100.0,long
2024-11-11,2683.33,2686.04,2610.59,2619.58,37.477446943748454,2790.01,2643.14,2643.14,2790.01,True,False,True,True,rejected,volatility-adjusted position size floors below 0.01 minimum lot,0.0033353392558361297,0.0033353392558361297,0.0,0.01,0.19087029218424328,10.0,74.95489388749684,100.0,short
2024-11-12,2621.06,2627.05,2589.62,2598.11,37.47507459656104,2790.01,2610.59,2610.59,2790.01,True,False,True,True,rejected,volatility-adjusted position size floors below 0.01 minimum lot,0.003335550398383218,0.003335550398383218,0.0,0.01,0.19244758689970787,10.0,74.95014919312189,100.0,short
2024-11-13,2597.9,2618.73,2572.93,2573.4,37.891320866733004,2790.01,2589.62,2589.62,2762.1,True,False,True,True,rejected,volatility-adjusted position size floors below 0.01 minimum lot,0.00329890848724001,0.00329890848724001,0.0,0.01,0.19429548457293852,10.0,75.78264173346588,100.0,short
2024-11-14,2573.96,2581.38,2536.74,2565.5,38.22875482339637,2790.01,2572.93,2572.93,2749.88,True,False,True,True,rejected,volatility-adjusted position size floors below 0.01 minimum lot,0.0032697899938791304,0.0032697899938791304,0.0,0.01,0.19489378288832587,10.0,76.45750964679291,100.0,short
2024-12-18,2646.67,2651.62,2584.21,2584.42,38.90138844132945,2726.05,2613.47,2613.47,2726.05,True,False,True,True,rejected,volatility-adjusted position size floors below 0.01 minimum lot,0.003213252919970281,0.003213252919970281,0.0,0.01,0.19346700613677342,10.0,77.80277688265869,100.0,short
2025-01-10,2670.26,2697.74,2663.98,2688.46,33.79331229765738,2678.05,2584.21,2596.0,2678.05,True,True,False,True,rejected,volatility-adjusted position size floors below 0.01 minimum lot,0.0036989567314082215,0.0036989567314082215,0.0,0.01,0.18598007781406456,10.0,67.58662459531479,100.0,long
2025-01-16,2696.29,2724.63,2689.79,2714.37,32.9911811371438,2697.74,2596.0,2614.47,2697.74,True,True,False,True,rejected,volatility-adjusted position size floors below 0.01 minimum lot,0.0037888913246354244,0.0037888913246354244,0.0,0.01,0.18420480627180524,10.0,65.98236227428742,100.0,long
2025-01-21,2707.86,2745.83,2702.58,2744.88,32.42540642745867,2724.63,2596.0,2655.36,2724.63,True,True,False,True,rejected,volatility-adjusted position size floors below 0.01 minimum lot,0.0038550017955718443,0.0038550017955718443,0.0,0.01,0.1821573256390079,10.0,64.85081285491742,100.0,long
2025-01-22,2743.56,2763.28,2741.79,2756.09,31.878636106085747,2745.83,2602.47,2656.63,2745.83,True,True,False,True,rejected,volatility-adjusted position size floors below 0.01 minimum lot,0.003921121329784151,0.003921121329784151,0.0,0.01,0.18141642689462245,10.0,63.7572722121713,100.0,long
2025-01-24,2753.81,2785.86,2753.54,2771.31,31.477544085742387,2763.28,2614.47,2659.8,2763.28,True,True,False,True,rejected,volatility-adjusted position size floors below 0.01 minimum lot,0.003971084899746616,0.003971084899746616,0.0,0.01,0.18042009013787702,10.0,62.95508817148493,100.0,long
2025-01-30,2758.3,2798.39,2758.21,2793.96,31.822576267487698,2785.86,2655.36,2689.28,2785.86,True,True,False,True,rejected,volatility-adjusted position size floors below 0.01 minimum lot,0.0039280289235321675,0.0039280289235321675,0.0,0.01,0.1789574653896262,10.0,63.6451525349753,100.0,long
2025-01-31,2793.52,2817.04,2790.97,2799.39,31.53494745411332,2798.39,2656.63,2702.58,2798.39,True,True,False,True,rejected,volatility-adjusted position size floors below 0.01 minimum lot,0.003963856295682376,0.003963856295682376,0.0,0.01,0.17861034010980964,10.0,63.06989490822662,100.0,long
2025-02-04,2813.31,2845.36,2807.16,2841.85,33.14761507733728,2830.5,2659.8,2730.43,2830.5,True,True,False,True,rejected,volatility-adjusted position size floors below 0.01 minimum lot,0.0037710103640446026,0.0037710103640446026,0.0,0.01,0.1759417280996534,10.0,66.29523015467475,100.0,long
2025-02-05,2841.18,2882.2,2839.62,2866.35,33.61923432347041,2845.36,2669.17,2730.43,2845.36,True,True,False,True,rejected,volatility-adjusted position size floors below 0.01 minimum lot,0.003718109662977495,0.003718109662977495,0.0,0.01,0.17443787395119228,10.0,67.23846864694087,100.0,long
2025-02-10,2861.39,2911.48,2860.08,2907.48,34.78605227808542,2886.68,2689.28,2744.76,2886.68,True,True,False,True,rejected,volatility-adjusted position size floors below 0.01 minimum lot,0.003593394243207865,0.003593394243207865,0.0,0.01,0.17197022851403965,10.0,69.57210455617087,100.0,long
2025-03-13,2934.92,2988.36,2932.81,2987.96,39.56647900370989,2956.11,2832.56,2858.83,2940.45,True,True,False,True,rejected,volatility-adjusted position size floors below 0.01 minimum lot,0.003159239920951257,0.003159239920951257,0.0,0.01,0.16733825084673154,10.0,79.1329580074198,100.0,long
2025-03-18,3000.96,3038.2,2999.23,3034.46,37.99342118580575,3004.87,2832.56,2880.12,3004.87,True,True,False,True,rejected,volatility-adjusted position size floors below 0.01 minimum lot,0.003290043278511062,0.003290043278511062,0.0,0.01,0.16477396307745035,10.0,75.9868423716116,100.0,long
2025-03-19,3033.63,3052.12,3022.72,3046.89,37.56375012651547,3038.2,2832.56,2880.12,3038.2,True,True,False,True,rejected,volatility-adjusted position size floors below 0.01 minimum lot,0.003327676272443445,0.003327676272443445,0.0,0.01,0.16410175621699502,10.0,75.12750025303103,100.0,long
2025-03-28,3055.92,3086.7,3054.07,3083.92,36.26555981346864,3059.79,2880.12,2999.23,3059.79,True,True,False,True,rejected,volatility-adjusted position size floors below 0.01 minimum lot,0.0034467963721761257,0.0034467963721761257,0.0,0.01,0.16213131339334352,10.0,72.5311196269372,100.0,long
2025-03-31,3092.41,3127.85,3076.62,3123.76,37.01378182279521,3086.7,2880.12,2999.31,3086.7,True,True,False,True,rejected,volatility-adjusted position size floors below 0.01 minimum lot,0.003377120462816848,0.003377120462816848,0.0,0.01,0.16006351320203857,10.0,74.02756364559036,100.0,long
2025-04-10,3080.18,3176.27,3071.21,3174.62,54.743066037026225,3167.45,2956.36,2956.36,3167.45,True,True,False,True,rejected,volatility-adjusted position size floors below 0.01 minimum lot,0.0022833942095142157,0.0022833942095142157,0.0,0.01,0.15749916525442414,10.0,109.48613207405242,100.0,long
2025-04-11,3179.33,3245.28,3177.1,3237.9,55.538912735174925,3176.27,2956.36,2956.36,3176.27,True,True,False,True,rejected,volatility-adjusted position size floors below 0.01 minimum lot,0.002250674236206873,0.002250674236206873,0.0,0.01,0.154421075388369,10.0,111.07782547035004,100.0,long
2025-04-16,3230.74,3342.37,3230.65,3341.26,56.690690306320604,3245.63,2956.36,2956.36,3245.63,True,True,False,True,rejected,volatility-adjusted position size floors below 0.01 minimum lot,0.0022049475729538507,0.0022049475729538507,0.0,0.01,0.14964414622028815,10.0,113.38138061264135,100.0,long
2025-04-21,3331.8,3430.45,3331.22,3425.81,59.82987300145434,3357.59,2956.36,2969.9,3357.59,True,True,False,True,rejected,volatility-adjusted position size floors below 0.01 minimum lot,0.0020892573179448586,0.0020892573179448586,0.0,0.01,0.1459508846083116,10.0,119.65974600290883,100.0,long
2025-05-14,3251.75,3256.99,3167.93,3179.16,76.02144919320745,3434.4,3201.8,3207.67,3434.4,True,False,True,True,rejected,volatility-adjusted position size floors below 0.01 minimum lot,0.001644272785201901,0.001644272785201901,0.0,0.01,0.15727424854364047,10.0,152.0428983864149,100.0,short
2025-06-02,3303.05,3382.69,3299.79,3382.27,72.93378563591392,3365.87,3120.68,3245.42,3365.87,True,True,False,True,rejected,volatility-adjusted position size floors below 0.01 minimum lot,0.001713883338292641,0.001713883338292641,0.0,0.01,0.1478297119981551,10.0,145.86757127182773,100.0,long
2025-06-13,3383.83,3446.7,3379.41,3432.45,66.47833450848623,3403.42,3245.42,3293.35,3403.42,True,True,False,True,rejected,volatility-adjusted position size floors below 0.01 minimum lot,0.001880311847825298,0.001880311847825298,0.0,0.01,0.14566854579090738,10.0,132.95666901697223,100.0,long
2025-06-27,3325.2,3325.25,3256.01,3274.48,59.00013452205802,3451.13,3293.35,3295.36,3403.16,True,False,True,True,rejected,volatility-adjusted position size floors below 0.01 minimum lot,0.0021186392372252475,0.0021186392372252475,0.0,0.01,0.15269600058635263,10.0,118.00026904411607,100.0,short
2025-07-21,3348.95,3401.37,3344.86,3397.19,50.22002894150203,3377.39,3248.96,3282.6,3377.39,True,True,False,True,rejected,volatility-adjusted position size floors below 0.01 minimum lot,0.002489046753549349,0.002489046753549349,0.0,0.01,0.1471804638539499,10.0,100.4400578830041,100.0,long
2025-07-22,3398.78,3433.32,3383.24,3429.31,50.213027494426946,3401.37,3282.6,3309.66,3401.37,True,True,False,True,rejected,volatility-adjusted position size floors below 0.01 minimum lot,0.00248939381346551,0.00248939381346551,0.0,0.01,0.14580192516861992,10.0,100.42605498885405,100.0,long
2025-07-30,3327.41,3333.91,3267.98,3275.67,49.41609219128965,3438.75,3282.6,3301.71,3438.75,True,False,True,True,rejected,volatility-adjusted position size floors below 0.01 minimum lot,0.0025295403674601607,0.0025295403674601607,0.0,0.01,0.15264052850256588,10.0,98.83218438257927,100.0,short
2025-08-28,3397.92,3422.99,3384.42,3417.12,40.60435889741131,3407.62,3311.36,3311.36,3398.75,True,True,False,True,rejected,volatility-adjusted position size floors below 0.01 minimum lot,0.0030784872214290582,0.0030784872214290582,0.0,0.01,0.14632204897691622,10.0,81.2087177948224,100.0,long
2025-08-29,3416.35,3453.75,3404.19,3447.37,41.05214095254074,3422.99,3311.36,3311.36,3422.99,True,True,False,True,rejected,volatility-adjusted position size floors below 0.01 minimum lot,0.0030449081850446994,0.0030449081850446994,0.0,0.01,0.1450381015092665,10.0,82.10428190508128,100.0,long
2025-09-01,3445.81,3489.79,3436.97,3475.69,41.64053390491371,3453.75,3311.36,3311.36,3453.75,True,True,False,True,rejected,volatility-adjusted position size floors below 0.01 minimum lot,0.0030018827396747095,0.0030018827396747095,0.0,0.01,0.1438563278082913,10.0,83.28106780982762,100.0,long
2025-09-02,3475.85,3539.88,3470.09,3534.2,43.04800720966802,3489.79,3311.36,3321.34,3489.79,True,True,False,True,rejected,volatility-adjusted position size floors below 0.01 minimum lot,0.0029037348788569853,0.0029037348788569853,0.0,0.01,0.14147473261275537,10.0,86.09601441933592,100.0,long
2025-09-03,3532.73,3578.3,3526.19,3560.35,43.50110684918463,3539.88,3311.36,3321.34,3539.88,True,True,False,True,rejected,volatility-adjusted position size floors below 0.01 minimum lot,0.002873490102984424,0.002873490102984424,0.0,0.01,0.14043563132838063,10.0,87.00221369836936,100.0,long
2025-09-05,3545.33,3599.99,3539.91,3587.08,44.76794893138914,3578.3,3311.36,3351.2,3578.3,True,True,False,True,rejected,volatility-adjusted position size floors below 0.01 minimum lot,0.002792176165845203,0.002792176165845203,0.0,0.01,0.13938914102835734,10.0,89.53589786277826,100.0,long
2025-09-08,3591.81,3646.23,3579.42,3636.56,45.87005148481968,3599.99,3311.36,3373.7,3599.99,True,True,False,True,rejected,volatility-adjusted position size floors below 0.01 minimum lot,0.002725089594489941,0.002725089594489941,0.0,0.01,0.13749257540092835,10.0,91.74010296963934,100.0,long
2025-09-15,3644.5,3685.42,3626.49,3680.2,44.90680685672202,3674.72,3351.2,3511.31,3674.72,True,True,False,True,rejected,volatility-adjusted position size floors below 0.01 minimum lot,0.0027835423791947693,0.0027835423791947693,0.0,0.01,0.13586218140318462,10.0,89.81361371344383,100.0,long
2025-09-16,3679.59,3702.98,3674.61,3689.95,44.079966513885914,3685.42,3351.2,3511.31,3685.42,True,True,False,True,rejected,volatility-adjusted position size floors below 0.01 minimum lot,0.002835755330272834,0.002835755330272834,0.0,0.01,0.1355031911001504,10.0,88.15993302777179,100.0,long
2025-09-22,3687.88,3748.69,3683.7,3746.76,46.334977100350805,3707.4,3436.97,3612.15,3707.4,True,True,False,True,rejected,volatility-adjusted position size floors below 0.01 minimum lot,0.002697746018720998,0.002697746018720998,0.0,0.01,0.13344863295220405,10.0,92.6699542007018,100.0,long
2025-09-23,3746.72,3790.94,3736.59,3763.33,46.73572824533326,3748.69,3470.09,3612.15,3748.69,True,True,False,True,rejected,volatility-adjusted position size floors below 0.01 minimum lot,0.0026746132925077873,0.0026746132925077873,0.0,0.01,0.13286105656426622,10.0,93.4714564906667,100.0,long
2025-09-29,3764.7,3833.38,3763.2,3832.44,48.45559675412551,3790.94,3579.42,3627.87,3790.94,True,True,False,True,rejected,volatility-adjusted position size floors below 0.01 minimum lot,0.0025796813654834928,0.0025796813654834928,0.0,0.01,0.1304651866695891,10.0,96.91119350825102,100.0,long
2025-09-30,3832.02,3871.51,3793.05,3859.34,49.95581691641924,3833.38,3612.15,3627.87,3833.38,True,True,False,True,rejected,volatility-adjusted position size floors below 0.01 minimum lot,0.0025022111080504742,0.0025022111080504742,0.0,0.01,0.12955583078972052,10.0,99.91163383283856,100.0,long
2025-10-06,3888.42,3969.91,3884.01,3960.93,52.828515477279154,3897.09,3626.49,3717.41,3897.09,True,True,False,True,rejected,volatility-adjusted position size floors below 0.01 minimum lot,0.0023661463675571357,0.0023661463675571357,0.0,0.01,0.12623298063838542,10.0,105.65703095455821,100.0,long
2025-10-07,3960.47,3990.91,3940.6,3985.97,52.7025897034152,3969.91,3627.87,3721.95,3969.91,True,True,False,True,rejected,volatility-adjusted position size floors below 0.01 minimum lot,0.002371799957145177,0.002371799957145177,0.0,0.01,0.12543998073241897,10.0,105.4051794068305,100.0,long
2025-10-08,3986.07,4059.04,3984.4,4040.76,53.79946021824444,3990.91,3627.87,3734.35,3990.91,True,True,False,True,rejected,volatility-adjusted position size floors below 0.01 minimum lot,0.002323443385731407,0.002323443385731407,0.0,0.01,0.12373909858541463,10.0,107.59892043648871,100.0,long
2025-10-13,4013.92,4116.78,4007.8,4111.97,60.303175954617316,4059.04,3683.7,3819.3,4059.04,True,True,False,True,rejected,volatility-adjusted position size floors below 0.01 minimum lot,0.0020728593149732595,0.0020728593149732595,0.0,0.01,0.12159621787123934,10.0,120.6063519092345,100.0,long
2025-10-14,4112.76,4179.5,4089.85,4144.29,61.770517156886456,4116.78,3717.41,3819.3,4116.78,True,True,False,True,rejected,volatility-adjusted position size floors below 0.01 minimum lot,0.0020236191269456523,0.0020236191269456523,0.0,0.01,0.12064792763054709,10.0,123.5410343137728,100.0,long
2025-10-15,4140.57,4218.06,4140.42,4206.82,62.56399129904215,4179.5,3717.41,3837.92,4179.5,True,True,False,True,rejected,volatility-adjusted position size floors below 0.01 minimum lot,0.0019979543728680517,0.0019979543728680517,0.0,0.01,0.11885462178082257,10.0,125.12798259808416,100.0,long
2025-10-16,4212.57,4330.54,4199.47,4329.24,65.98929173409003,4218.06,3721.95,3884.01,4218.06,True,True,False,True,rejected,volatility-adjusted position size floors below 0.01 minimum lot,0.0018942467287525844,0.0018942467287525844,0.0,0.01,0.11549371252229029,10.0,131.97858346817975,100.0,long
2025-11-12,4130.57,4211.59,4098.71,4196.49,89.24555627470605,4161.17,3886.46,3928.62,4148.76,True,True,False,True,rejected,volatility-adjusted position size floors below 0.01 minimum lot,0.0014006299609499713,0.0014006299609499713,0.0,0.01,0.11914719205812477,10.0,178.49111254941226,100.0,long
2025-12-11,4228.32,4285.77,4204.07,4282.17,74.41456542590154,4264.41,4022.21,4163.43,4264.41,True,True,False,True,rejected,volatility-adjusted position size floors below 0.01 minimum lot,0.0016797786734973142,0.0016797786734973142,0.0,0.01,0.11676322985775903,10.0,148.8291308518028,100.0,long
2025-12-12,4282.58,4353.51,4257.67,4300.04,75.48583715460647,4285.77,4022.21,4163.43,4285.77,True,True,False,True,rejected,volatility-adjusted position size floors below 0.01 minimum lot,0.001655939772436795,0.001655939772436795,0.0,0.01,0.11627798811173849,10.0,150.97167430921309,100.0,long
2025-12-22,4340.73,4449.08,4339.58,4444.87,73.35177241189056,4374.38,4163.43,4181.78,4374.38,True,True,False,True,rejected,volatility-adjusted position size floors below 0.01 minimum lot,0.0017041169680003137,0.0017041169680003137,0.0,0.01,0.11248922915630828,10.0,146.70354482378116,100.0,long
2025-12-23,4449.41,4499.63,4430.29,4487.33,73.15118379129605,4449.08,4163.43,4204.07,4449.08,True,True,False,True,rejected,volatility-adjusted position size floors below 0.01 minimum lot,0.0017087898448319193,0.0017087898448319193,0.0,0.01,0.11142483392128504,10.0,146.30236758259252,100.0,long
2025-12-26,4486.56,4549.63,4481.93,4531.07,73.20231837164467,4525.45,4169.79,4271.32,4525.45,True,True,False,True,rejected,volatility-adjusted position size floors below 0.01 minimum lot,0.0017075961906750136,0.0017075961906750136,0.0,0.01,0.11034921111348975,10.0,146.4046367432893,100.0,long
2026-01-12,4521.2,4630.04,4520.93,4592.23,84.27335247324498,4549.63,4274.42,4274.42,4517.07,True,True,False,True,rejected,volatility-adjusted position size floors below 0.01 minimum lot,0.0014832683918642596,0.0014832683918642596,0.0,0.01,0.10887956395912227,10.0,168.54670494648963,100.0,long
2026-01-19,4648.81,4690.57,4646.04,4669.03,81.0755641580154,4642.78,4274.42,4407.59,4642.78,True,True,False,True,rejected,volatility-adjusted position size floors below 0.01 minimum lot,0.001541771571966818,0.001541771571966818,0.0,0.01,0.10708862440378408,10.0,162.15112831603074,100.0,long
2026-01-20,4668.5,4766.1,4659.28,4762.19,82.36278595011466,4690.57,4274.42,4407.59,4690.57,True,True,False,True,rejected,volatility-adjusted position size floors below 0.01 minimum lot,0.001517675714317262,0.001517675714317262,0.0,0.01,0.1049937108767185,10.0,164.72557190022962,100.0,long
2026-01-21,4762.01,4888.1,4755.35,4829.41,84.88214665260892,4766.1,4274.42,4452.74,4766.1,True,True,False,True,rejected,volatility-adjusted position size floors below 0.01 minimum lot,0.001472630051541681,0.001472630051541681,0.0,0.01,0.10353231554165002,10.0,169.7642933052175,100.0,long
2026-01-22,4815.83,4940.67,4772.07,4935.57,89.0680393199785,4888.1,4274.42,4520.93,4888.1,True,True,False,True,rejected,volatility-adjusted position size floors below 0.01 minimum lot,0.0014034214849047628,0.0014034214849047628,0.0,0.01,0.10130542166355659,10.0,178.1360786399573,100.0,long
2026-01-23,4951.92,4989.55,4899.55,4985.95,89.11463735397957,4940.67,4309.55,4536.41,4940.67,True,True,False,True,rejected,volatility-adjusted position size floors below 0.01 minimum lot,0.0014026876359657641,0.0014026876359657641,0.0,0.01,0.1002817918350565,10.0,178.22927470795912,100.0,long
2026-01-26,5013.95,5110.86,4989.79,5011.87,90.90440548628058,4989.55,4349.73,4536.41,4989.55,True,True,False,True,rejected,volatility-adjusted position size floors below 0.01 minimum lot,0.001375070870672656,0.001375070870672656,0.0,0.01,0.09976316225281183,10.0,181.80881097256133,100.0,long
2026-01-27,5034.68,5190.3,5013.53,5176.36,95.28068521196657,5110.86,4407.59,4536.41,5110.86,True,True,False,True,rejected,volatility-adjusted position size floors below 0.01 minimum lot,0.0013119133192831078,0.0013119133192831078,0.0,0.01,0.09659297266805246,10.0,190.5613704239331,100.0,long
2026-01-28,5182.26,5410.55,5157.21,5410.55,103.18365095136824,5190.3,4407.59,4536.41,5190.3,True,True,False,True,rejected,volatility-adjusted position size floors below 0.01 minimum lot,0.0012114322263990648,0.0012114322263990648,0.0,0.01,0.09241204683442533,10.0,206.36730190273647,100.0,long
2026-02-23,5117.51,5237.63,5117.44,5228.89,164.5212174946352,5118.79,4402.35,4842.16,5118.79,True,True,False,True,rejected,volatility-adjusted position size floors below 0.01 minimum lot,0.0007597804216594499,0.0007597804216594499,0.0,0.01,0.09562258911547192,10.0,329.0424349892701,100.0,long
2026-02-27,5181.77,5280.17,5166.74,5279.13,153.98438028198973,5249.44,4655.15,4842.16,5249.44,True,True,False,True,rejected,volatility-adjusted position size floors below 0.01 minimum lot,0.0008117706469389234,0.0008117706469389234,0.0,0.01,0.09471257574638245,10.0,307.96876056397923,100.0,long
2026-03-02,5356.13,5418.87,5260.28,5324.35,154.21466126789025,5280.17,4842.16,4853.94,5280.17,True,True,False,True,rejected,volatility-adjusted position size floors below 0.01 minimum lot,0.0008105584707206229,0.0008105584707206229,0.0,0.01,0.09390817658493525,10.0,308.42932253578056,100.0,long
2026-03-18,5000.91,5016.23,4806.85,4817.41,146.6139916558987,5418.87,4967.11,4967.11,5238.46,True,False,True,True,rejected,volatility-adjusted position size floors below 0.01 minimum lot,0.000852578929120036,0.000852578929120036,0.0,0.01,0.10379021092246664,10.0,293.2279833117973,100.0,short
2026-03-19,4825.5,4867.05,4502.4,4657.49,157.5157920731038,5418.87,4806.85,4806.85,5238.46,True,False,True,True,rejected,volatility-adjusted position size floors below 0.01 minimum lot,0.0007935712245410093,0.0007935712245410093,0.0,0.01,0.10735396103910046,10.0,315.03158414620793,100.0,short
2026-03-20,4659.2,4735.63,4477.25,4495.63,162.55900246944861,5418.87,4502.4,4502.4,5238.46,True,False,True,True,rejected,volatility-adjusted position size floors below 0.01 minimum lot,0.0007689515689756557,0.0007689515689756557,0.0,0.01,0.11121911723162271,10.0,325.1180049388977,100.0,short
2026-03-23,4475.54,4536.16,4098.85,4408.04,176.29655234597618,5418.87,4477.25,4477.25,5223.15,True,False,True,True,rejected,volatility-adjusted position size floors below 0.01 minimum lot,0.0007090325836587639,0.0007090325836587639,0.0,0.01,0.11342909773958494,10.0,352.59310469195225,100.0,short
2026-04-28,4682.45,4701.19,4554.8,4595.79,132.94077090358678,4889.45,4607.54,4657.6,4889.45,True,False,True,True,rejected,volatility-adjusted position size floors below 0.01 minimum lot,0.00094026835522606,0.00094026835522606,0.0,0.01,0.10879522345450945,10.0,265.88154180717356,100.0,short
2026-04-29,4598.48,4610.18,4510.13,4542.41,131.29623235840745,4889.45,4554.8,4554.8,4889.45,True,False,True,True,rejected,volatility-adjusted position size floors below 0.01 minimum lot,0.0009520455976130356,0.0009520455976130356,0.0,0.01,0.11007372738260086,10.0,262.5924647168149,100.0,short
2026-06-05,4473.7,4481.4,4311.68,4327.54,110.30898907092384,4665.15,4366.39,4366.39,4595.24,True,False,True,True,rejected,volatility-adjusted position size floors below 0.01 minimum lot,0.00113318054179275,0.00113318054179275,0.0,0.01,0.11553908224996187,10.0,220.61797814184777,100.0,short
2026-06-09,4326.68,4363.55,4236.65,4260.07,109.9306626365088,4595.24,4268.41,4268.41,4595.24,True,False,True,True,rejected,volatility-adjusted position size floors below 0.01 minimum lot,0.0011370803832350099,0.0011370803832350099,0.0,0.01,0.11736896342078885,10.0,219.86132527301746,100.0,short
2026-06-10,4255.13,4257.32,4067.04,4068.9,114.08562950468335,4595.24,4236.65,4236.65,4595.24,True,False,True,True,rejected,volatility-adjusted position size floors below 0.01 minimum lot,0.0010956682322103381,0.0010956682322103381,0.0,0.01,0.12288333456216669,10.0,228.1712590093671,100.0,short
2026-06-24,4111.35,4115.01,3959.1,3999.28,116.2199890544882,4515.35,4023.76,4090.8,4382.38,True,False,True,True,rejected,volatility-adjusted position size floors below 0.01 minimum lot,0.0010755464788539553,0.0010755464788539553,0.0,0.01,0.12502250405072912,10.0,232.43997810897645,100.0,short
